ENTIDAD FEDERATIVA,FACULTAD O ESCUELA DE MEDICINA,SUSTENTANTES,SELECCIONADOS,PROMEDIO GENERAL,AGNO
AGUASCALIENTES,UNIVERSIDAD AUTONOMA DE AGUASCALIENTES,239,84,67.52,2017
AGUASCALIENTES,UNIVERSIDAD CUAUHTEMOC PLANTEL AGUASCALIENTES,72,9,63.81,2017
BAJA CALIFORNIA,CENTRO DE ESTUDIOS UNIVERSITARIOS XOCHICALCO UNIDAD ENSENADA,247,48,61.16,2017
BAJA CALIFORNIA,CENTRO DE ESTUDIOS UNIVERSITARIOS XOCHICALCO UNIDAD TIJUANA,152,30,62.48,2017
BAJA CALIFORNIA,UNIVERSIDAD AUTONOMA DE BAJA CALIFORNIA UNIDAD VALLE DE LAS PALMAS,135,16,62.7,2017
BAJA CALIFORNIA,UNIVERSIDAD AUTONOMA DE BAJA CALIFORNIA UNIDAD ENSENADA,188,55,64.88,2017
BAJA CALIFORNIA,UNIVERSIDAD AUTONOMA DE BAJA CALIFORNIA UNIDAD MEXICALI,253,103,68.87,2017
BAJA CALIFORNIA,UNIVERSIDAD AUTONOMA DE BAJA CALIFORNIA UNIDAD TIJUANA,227,85,68.2,2017
BAJA CALIFORNIA SUR,CENTRO DE ESTUDIOS UNIVERSITARIOS XOCHICALCO UNIDAD MEXICALI,36,5,59.45,2017
CAMPECHE,UNIVERSIDAD AUTONOMA DE CAMPECHE,224,38,60.89,2017
CHIAPAS,INSTITUTO DE ESTUDIOS SUPERIORES DE CHIAPAS,38,3,54.22,2017
CHIAPAS,INSTITUTO DE ESTUDIOS SUPERIORES DE CHIAPAS UNIDAD TAPACHULA,56,5,54.93,2017
CHIAPAS,INSTITUTO DE ESTUDIOS SUPERIORES DE CHIAPAS UNIDAD TUXTLA GUTIERREZ,333,27,56.31,2017
CHIAPAS,UNIVIVERSIDAD AUTONOMA DE CHIAPAS,758,134,62.78,2017
CHIAPAS,UNIVERSIDAD PABLO GUARDADO CHAVEZ,22,2,54.63,2017
CHIHUAHUA,UNIVERSIDAD AUTONOMA DE CIUDAD JUAREZ,429,94,63.43,2017
CHIHUAHUA,UNIVERSIDAD AUTONOMA DE CHIHUAHUA,197,84,67.81,2017
CIUDAD DE MEXICO,ESCUELA LIBRE DE HOMEOPATIA DE MEXICO,16,1,54.39,2017
CIUDAD DE MEXICO,ESCUELA MEDICO MILITAR SEDENA,2,0,66.56,2017
CIUDAD DE MEXICO,INSTITUTO POLITECNICO NACIONAL CENTRO INTERDISCIPLINARIO DE CIENCIAS DE LA SALUD,376,67,58.96,2017
CIUDAD DE MEXICO,INSTITUTO POLITECNICO NACIONAL ESCUELA SUPERIOR DE MEDICINA,1404,266,62.8,2017
CIUDAD DE MEXICO,INSTITUTO POLITECNICO NACIONAL ESCUELA NACIONAL DE MEDICINA Y HOMEOPATIA,761,107,59.65,2017
CIUDAD DE MEXICO,UNAM FES ZARAGOZA,510,94,61.09,2017
CIUDAD DE MEXICO,UNAM FM CU,2178,620,65.77,2017
CIUDAD DE MEXICO,UNIVERSIDAD AUTONOMA METROPOLITANA  UNIDAD XOCHIMILCO,425,97,63.47,2017
CIUDAD DE MEXICO,UNIVERSIDAD JUSTO SIERRA,266,27,58.37,2017
CIUDAD DE MEXICO,UNIVERSIDAD LA SALLE,356,139,69.13,2017
CIUDAD DE MEXICO,UNIVERSIDAD PANAMERICANA,42,36,77.02,2017
CIUDAD DE MEXICO,UNIVERSIDAD WEST HILL INSTITUTE,166,22,61.75,2017
COAHUILA,UNIVERSIDAD AUTONOMA DE COAHUILA UNIDAD SALTILLO,118,43,68.34,2017
COAHUILA,UNIVERSIDAD AUTONOMA DE COAHUILA UNIDAD TORREON,183,71,68.24,2017
COAHUILA,UNIVERSIDAD DEL VALLE DE MEXICO  UNIDAD SALTILLO,59,7,60.29,2017
COLIMA,UNIVERSIDAD AUTONOMA DE COLIMA,206,53,63.8,2017
DURANGO,UNIVERSIDAD AUTONOMA DE DURANGO UNIDAD DURANGO,72,3,58.02,2017
DURANGO,UNIVERSIDAD AUTONOMA DE DURANGO UNIDAD GOMEZ PALACIO,12,1,54.96,2017
DURANGO,UNIVERSIDAD AUTONOMA DE DURANGO UNIDAD ZACATECAS,16,1,56.36,2017
DURANGO,UNIVERSIDAD AUTONOMA ESPA GN A DE DURANGO,22,1,56.43,2017
DURANGO,UNIVERSIDAD JUAREZ DEL ESTADO DE DURANGO UNIDAD DURANGO,408,83,61.6,2017
DURANGO,UNIVERSIDAD JUAREZ DEL ESTADO DE DURANGO UNIDAD GOMEZ PALACIO,248,72,63.07,2017
ESTADO DE MEXICO,ESCUELA MEDICINA TOMINAGA NAKAMOTO,193,16,56.23,2017
ESTADO DE MEXICO,UNAM FES IZTACALA,1540,262,61.87,2017
ESTADO DE MEXICO,UNIVERSIDAD ANAHUAC,570,115,64.57,2017
ESTADO DE MEXICO,UNIVERSIDAD AUTONOMA DEL ESTADO DE MEXICO,356,106,66.4,2017
GUANAJUATO,UNIVERSIDAD DE CELAYA,49,13,65.5,2017
GUANAJUATO,UNIVERSIDAD DE GUANAJUATO,182,59,69.47,2017
GUANAJUATO,UNIVERSIDAD LATINA DE MEXICO UNIDAD CELAYA,56,12,63.66,2017
GUANAJUATO,UNIVERSIDAD QUETZALCOATL,250,38,59.73,2017
GUERRERO,UNIVERSIDAD AUTONOMA DE GUERRERO,763,119,58.27,2017
GUERRERO,UNIVERSIDAD HIPOCRATES,44,3,54.34,2017
HIDALGO,UNIVERSIDAD AUTONOMA DEL ESTADO DE HIDALGO,760,139,62.91,2017
JALISCO,UNIVERSIDAD AUTONOMA DE GUADALAJARA,1744,416,64.23,2017
JALISCO,UNIVERSIDAD CUAUHTEMOC PLANTEL GUADALAJARA,39,9,63.59,2017
JALISCO,UNIVERSIDAD DE GUADALAJARA,1489,464,65.86,2017
JALISCO,UNIVERSIDAD DE GUADALAJARA CENTRO UNIVERSITARIO DE LA COSTA,108,29,64.3,2017
JALISCO,UNIVERSIDAD DE GUADALAJARA CENTRO UNIVERSITARIO DEL SUR,143,33,64.77,2017
JALISCO,UNIVERSIDAD DE GUADALAJARA UNIDAD CIUDAD GUZMAN,42,13,65.02,2017
JALISCO,UNIVERSIDAD DE GUADALAJARA UNIDAD LOS ALTOS,108,41,67.24,2017
JALISCO,UNIVERSIDAD DEL VALLE DE ATEMAJAC,53,12,62.32,2017
JALISCO,UNIVERSIDAD DEL VALLE DE MEXICO UNIDAD ZAPOPAN,71,14,63.45,2017
JALISCO,UNIVERSIDAD GUADALAJARA LAMAR,39,2,56.48,2017
JALISCO,UNIVERSIDAD GUADALAJARA LAMAR UNIDAD INGLATERRA,361,62,60.78,2017
MICHOACAN,UNIVERSIDAD MICHOACANA DE SAN NICOLAS DE HIDALGO UNIDAD MORELIA,1898,347,59.89,2017
MICHOACAN,UNIVERSIDAD MICHOACANA DE SAN NICOLAS DE HIDALGO UNIDAD ZAMORA,58,13,62.86,2017
MICHOACAN,UNIVERSIDAD VASCO DE QUIROGA CAMPUS SANTA MARIA,81,6,58.92,2017
MORELOS,UNIVERSIDAD AUTONOMA DEL ESTADO DE MORELOS,283,78,65.7,2017
MORELOS,UNIVERSIDAD LATINOAMERICANA,136,19,58.72,2017
NAYARIT,UNIVERSIDAD AUTONOMA DE NAYARIT,392,87,62.67,2017
NUEVO LEON,INSTITUTO TECNOLOGICO Y ESTUDIOS SUPERIORES DE MONTERREY,239,90,69.4,2017
NUEVO LEON,UNIVERSIDAD AUTONOMA DE NUEVO LEON,1252,442,66.48,2017
NUEVO LEON,UNIVERSIDAD DE MONTERREY,307,99,67.51,2017
NUEVO LEON,UNIVERSIDAD MONTEMORELOS,120,39,64.77,2017
OAXACA,UNIVERSIDAD AUTONOMA BENITO JUAREZ DE OAXACA,764,144,60.9,2017
OAXACA,UNIVERSIDAD REGIONAL DEL SURESTE,393,48,58.51,2017
PUEBLA,BENEMERITA UNIVERSIDAD AUTONOMA DE PUEBLA,1491,251,60.04,2017
PUEBLA,BENEMERITA UNIVERSIDAD AUTONOMA DE PUEBLA UNIDAD TEHUACAN,127,16,58.52,2017
PUEBLA,INSTITUTO DE ESTUDIOS SUPERIORES DE TEPEACA,33,2,54.08,2017
PUEBLA,UNIVERSIDAD LAS AMERICAS PUEBLA,28,6,65.23,2017
PUEBLA,UNIVERSIDAD POPULAR AUTONOMA DEL ESTADO DE PUEBLA,861,175,62.38,2017
QUERETARO,UNIVERSIDAD AUTONOMA DE QUERETARO,201,71,69.05,2017
QUERETARO,UNIVERSIDAD DEL VALLE DE MEXICO UNIDAD QUERETARO,165,30,63.48,2017
QUINTANA ROO,UNIVERSIDAD DE QUINTANA ROO,128,22,60.45,2017
SAN LUIS POTOSI,UNIVERSIDAD AUTONOMA DE SAN LUIS POTOSI,200,104,70.93,2017
SAN LUIS POTOSI,UNIVERSIDAD CUAUHTEMOC PLANTEL SAN LUIS POTOSI,54,10,66.43,2017
SINALOA,UNIVERSIDAD AUTONOMA DE SINALOA,1116,316,61.76,2017
SONORA,UNIVERSIDAD DE SONORA,288,95,66.69,2017
SONORA,UNIVERSIDAD DEL VALLE DE MEXICO CAMPUS HERMOSILLO,73,20,64.93,2017
TABASCO,UNIVERSIDAD AUTONOMA DE GUADALAJARA UNIDAD TABASCO,191,35,62.1,2017
TABASCO,UNIVERSIDAD DEL VALLE DE MEXICO CAMPUS VILLAHERMOSA,57,4,59.2,2017
TABASCO,UNIVERSIDAD JUAREZ AUTONOMA DE TABASCO,477,64,57.27,2017
TABASCO,UNIVERSIDAD JUAREZ AUTONOMA DE TABASCO DIVISION ACADEMICA,170,13,55.9,2017
TABASCO,UNIVERSIDAD OLMECA,43,5,58.97,2017
TAMAULIPAS,INSTITUTO DE CIENCIAS Y ESTUDIOS SUPERIORES DE TAMAULIPAS,82,10,56.41,2017
TAMAULIPAS,UNIVERSIDAD AUTONOMA DE TAMAULIPAS UNIDAD TAMPICO,318,86,63.52,2017
TAMAULIPAS,UNIVERSIDAD AUTONOMA DE TAMAULIPAS UNIDAD MATAMOROS,341,76,60.42,2017
TAMAULIPAS,UNIVERSIDAD DEL NORESTE,518,92,59.59,2017
TAMAULIPAS,UNIVERSIDAD DEL VALLE DE MEXICO CAMPUS CIUDAD REYNOSA,54,9,60.59,2017
TAMAULIPAS,UNIVERSIDAD DEL VALLE DE MEXICO CAMPUS CIUDAD VICTORIA,116,12,57.8,2017
TAMAULIPAS,UNIVERSIDAD LA SALLE CAMPUS CIUDAD VICTORIA,80,14,62.36,2017
TAMAULIPAS,UNIVERSIDAD MEXICO AMERICANA DEL NORTE,64,6,55.17,2017
TAMAULIPAS,UNIVERSIDAD VALLE DEL BRAVO UNIDAD CIUDAD VICTORIA,31,6,56.75,2017
TAMAULIPAS,UNIVERSIDAD VALLE DEL BRAVO UNIDAD REYNOSA,9,2,58.45,2017
TLAXCALA,UNIVERSIDAD AUTONOMA DE TLAXCALA,458,57,56.89,2017
VERACRUZ,UNIVERSIDAD AUTONOMA DE VERACRUZ VILLA RICA,251,47,61.43,2017
VERACRUZ,UNIVERSIDAD CRISTOBAL COLON UNIDAD VERACRUZ,151,16,58.76,2017
VERACRUZ,UNIVERSIDAD VERACRUZANA UNIDAD CIUDAD MENDOZA,318,47,59.11,2017
VERACRUZ,UNIVERSIDAD VERACRUZANA UNIDAD MINATITLAN,155,35,62.77,2017
VERACRUZ,UNIVERSIDAD VERACRUZANA UNIDAD JALAPA,335,85,63.47,2017
VERACRUZ,UNIVERSIDAD VERACRUZANA UNIDAD POZA RICA,154,39,63.19,2017
VERACRUZ,UNIVERSIDAD VERACRUZANA UNIDAD VERACRUZ,356,73,61.71,2017
YUCATAN,UNIVERSIDAD AUTONOMA DE YUCATAN,301,91,66.43,2017
YUCATAN,UNIVERSIDAD DEL MAYAB,201,39,63.86,2017
ZACATECAS,UNIVERSIDAD AUTONOMA DE ZACATECAS,619,136,62.36,2017
NONE,ESTUDIOS EN EL EXTRANJERO,197,24,58.87,2017
NONE,MEDICOS EXTRANJEROS,1233,217,61.58,2017
AGUASCALIENTES,UNIVERSIDAD AUTONOMA DE AGUASCALIENTES,263,116,65.701,2015
AGUASCALIENTES,UNIVERSIDAD CUAHUTEMOC,59,8,59.141,2015
BAJA CALIFORNIA,CENTRO DE ESTUDIOS UNIVERSITARIOS XOCHICALCO UNIDAD ENSENADA,262,50,59.548,2015
BAJA CALIFORNIA,CENTRO DE ESTUDIOS UNIVERSITARIOS XOCHICALCO UNIDAD TIJUANA,128,22,60.38,2015
BAJA CALIFORNIA,UNIVERSIDAD AUTONOMA DE BAJA CALIFORNIA UNIDAD ENSENADA,107,38,63.408,2015
BAJA CALIFORNIA,UNIVERSIDAD AUTONOMA DE BAJA CALIFORNIA UNIDAD MEXICALI,242,95,65.275,2015
BAJA CALIFORNIA,UNIVERSIDAD AUTONOMA DE BAJA CALIFORNIA UNIDAD TIJUANA,205,58,64.524,2015
CAMPECHE,UNIVERSIDAD AUTONOMA DE CAMPECHE,206,33,58.862,2015
CHIAPAS,INSTITUTO DE ESTUDIOS SUPERIORES DE CHIAPAS,27,3,55.77,2015
CHIAPAS,INSTITUTO DE ESTUDIOS SUPERIORES DE CHIAPAS UNIDAD TAPACHULA,68,4,53.765,2015
CHIAPAS,INSTITUTO DE ESTUDIOS SUPERIORES DE CHIAPAS UNIDAD TUXTLA GUTIERREZ,280,23,54.196,2015
CHIAPAS,UNIVIVERSIDAD AUTONOMA DE CHIAPAS,554,110,61.042,2015
CHIHUAHUA,UNIVERSIDAD AUTONOMA DE CIUDAD JUAREZ,379,79,59.203,2015
CHIHUAHUA,UNIVERSIDAD AUTONOMA DE CHIHUAHUA,290,121,66.766,2015
COAHUILA,UNIVERSIDAD AUTONOMA DE COAHUILA UNIDAD SALTILLO,112,60,66.982,2015
COAHUILA,UNIVERSIDAD AUTONOMA DE COAHUILA UNIDAD TORREON,184,79,64.473,2015
COAHUILA,UNIVERSIDAD DEL VALLE DE MEXICO  UNIDAD SALTILLO,12,1,54.982,2015
COLIMA,UNIVERSIDAD AUTONOMA DE COLIMA,216,52,59.074,2015
CIUDAD DE MEXICO,ESCUELA LIBRE DE HOMEOPATIA DE MEXICO,12,1,54.463,2015
CIUDAD DE MEXICO,ESCUELA MEDICO MILITAR SEDENA,0,0,0,2015
CIUDAD DE MEXICO,ESCUELA MEDICO NAVAL SECRETARIA DE MARINA ARMADA DE MEXICO,1,0,56.222,2015
CIUDAD DE MEXICO,INSTITUTO POLITECNICO NACIONAL CENTRO INTERDISCIPLINARIO DE CIENCIAS DE LA SALUD,359,41,56.365,2015
CIUDAD DE MEXICO,INSTITUTO POLITECNICO NACIONAL ESCUELA SUPERIOR DE MEDICINA,1098,256,60.667,2015
CIUDAD DE MEXICO,INSTITUTO POLITECNICO NACIONAL ESCUELA NACIONAL DE MEDICINA Y HOMEOPATIA,695,77,56.688,2015
CIUDAD DE MEXICO,UNAM FES ZARAGOZA,442,90,59.199,2015
CIUDAD DE MEXICO,UNAM FM CU,1957,622,64.258,2015
CIUDAD DE MEXICO,UNIVERSIDAD AUTONOMA METROPOLITANA  UNIDAD XOCHIMILCO,437,90,60.901,2015
CIUDAD DE MEXICO,UNIVERSIDAD JUSTO SIERRA,264,29,57.166,2015
CIUDAD DE MEXICO,UNIVERSIDAD LA SALLE,391,143,66.438,2015
CIUDAD DE MEXICO,UNIVERSIDAD PANAMERICANA,49,32,73.569,2015
CIUDAD DE MEXICO,UNIVERSIDAD WEST HILL INSTITUTE,158,19,58.924,2015
DURANGO,UNIVERSIDAD AUTONOMA ESPA GN A DE DURANGO,18,1,51.765,2015
DURANGO,UNIVERSIDAD JUAREZ DEL ESTADO DE DURANGO UNIDAD DURANGO,386,90,59.568,2015
DURANGO,UNIVERSIDAD JUAREZ DEL ESTADO DE DURANGO UNIDAD GOMEZ PALACIO,237,53,60.849,2015
ESTADO DE MEXICO,ESCUELA MEDICINA TOMINAGA NAKAMOTO,203,23,55.995,2015
ESTADO DE MEXICO,UNAM FES IZTACALA,1408,256,59.284,2015
ESTADO DE MEXICO,UNIVERSIDAD ANAHUAC,480,106,62.325,2015
ESTADO DE MEXICO,UNIVERSIDAD AUTONOMA DEL ESTADO DE MEXICO,343,92,63.344,2015
GUANAJUATO,UNIVERSIDAD DE CELAYA,41,6,61.252,2015
GUANAJUATO,UNIVERSIDAD DE GUANAJUATO,184,73,66.455,2015
GUANAJUATO,UNIVERSIDAD LATINA DE MEXICO UNIDAD CELAYA,34,8,61.987,2015
GUANAJUATO,UNIVERSIDAD QUETZALCOATL,226,30,57.997,2015
GUERRERO,UNIVERSIDAD AUTONOMA DE GUERRERO,625,90,56.204,2015
GUERRERO,UNIVERSIDAD HIPOCRATES,8,1,53.694,2015
HIDALGO,UNIVERSIDAD AUTONOMA DEL ESTADO DE HIDALGO,677,123,60.814,2015
JALISCO,UNIVERSIDAD AUTONOMA DE GUADALAJARA,1681,369,61.12,2015
JALISCO,UNIVERSIDAD CUAUHTEMOC PLANTEL GUADALAJARA,1,1,69.556,2015
JALISCO,UNIVERSIDAD DE GUADALAJARA,1865,623,63.358,2015
JALISCO,UNIVERSIDAD DE GUADALAJARA UNIDAD CIUDAD GUZMAN,188,60,62.557,2015
JALISCO,UNIVERSIDAD DE GUADALAJARA UNIDAD LOS ALTOS,100,32,62.707,2015
JALISCO,UNIVERSIDAD DEL VALLE DE ATEMAJAC,16,1,57.889,2015
JALISCO,UNIVERSIDAD DEL VALLE DE MEXICO UNIDAD JALISCO,5,0,59.778,2015
JALISCO,UNIVERSIDAD DEL VALLE DE MEXICO UNIDAD ZAPOPAN,6,2,60.148,2015
JALISCO,UNIVERSIDAD GUADALAJARA LAMAR,87,15,59.512,2015
JALISCO,UNIVERSIDAD GUADALAJARA LAMAR UNIDAD INGLATERRA,16,2,58.597,2015
MICHOACAN,UNIVERSIDAD MICHOACANA DE SAN NICOLAS DE HIDALGO UNIDAD MORELIA,2245,343,57.044,2015
MICHOACAN,UNIVERSIDAD MICHOACANA DE SAN NICOLAS DE HIDALGO UNIDAD ZAMORA,84,19,59.738,2015
MORELOS,UNIVERSIDAD AUTONOMA DEL ESTADO DE MORELOS,202,53,62.736,2015
MORELOS,UNIVERSIDAD LATINOAMERICANA,127,22,57.339,2015
NAYARIT,INSTITUTO DE ESTUDIOS TECNOLOGICOS Y SUPERIORES DE MATATIPAC,1,0,65.333,2015
NAYARIT,UNIVERSIDAD AUTONOMA DE NAYARIT,420,96,59.785,2015
NUEVO LEON,INSTITUTO TECNOLOGICO Y ESTUDIOS SUPERIORES DE MONTERREY,271,124,68.749,2015
NUEVO LEON,UNIVERSIDAD AUTONOMA DE NUEVO LEON,1079,361,63.543,2015
NUEVO LEON,UNIVERSIDAD DE MONTERREY,309,92,64.058,2015
NUEVO LEON,UNIVERSIDAD MONTEMORELOS,118,32,63.247,2015
OAXACA,UNIVERSIDAD AUTONOMA BENITO JUAREZ DE OAXACA,881,121,57.372,2015
OAXACA,UNIVERSIDAD REGIONAL DEL SURESTE,328,52,57.142,2015
PUEBLA,BENEMERITA UNIVERSIDAD AUTONOMA DE PUEBLA,1359,226,57.819,2015
PUEBLA,BENEMERITA UNIVERSIDAD AUTONOMA DE PUEBLA UNIDAD TEHUACAN,95,19,58.926,2015
PUEBLA,INSTITUTO DE ESTUDIOS SUPERIORES DE TEPEACA,25,3,54.462,2015
PUEBLA,UNIVERSIDAD LAS AMERICAS PUEBLA,20,5,62.533,2015
PUEBLA,UNIVERSIDAD POPULAR AUTONOMA DEL ESTADO DE PUEBLA,856,180,60.521,2015
QUERETARO,UNIVERSIDAD AUTONOMA DE QUERETARO,156,57,66.538,2015
QUERETARO,UNIVERSIDAD DEL VALLE DE MEXICO UNIDAD QUERETARO,171,32,61.971,2015
QUINTANA ROO,UNIVERSIDAD DE QUINTANA ROO,33,10,62.316,2015
SAN LUIS POTOSI,UNIVERSIDAD AUTONOMA DE SAN LUIS POTOSI,224,99,67.502,2015
SINALOA,UNIVERSIDAD AUTONOMA DE SINALOA,1087,242,58.084,2015
SONORA,UNIVERSIDAD DE SONORA,205,67,63.562,2015
SONORA,UNIVERSIDAD DEL VALLE DE MEXICO CAMPUS HERMOSILLO,30,3,62.763,2015
TABASCO,UNIVERSIDAD AUTONOMA DE GUADALAJARA UNIDAD TABASCO,28,1,56.635,2015
TABASCO,UNIVERSIDAD DEL VALLE DE MEXICO CAMPUS VILLAHERMOSA,9,0,50.098,2015
TABASCO,UNIVERSIDAD JUAREZ AUTONOMA DE TABASCO,655,91,55.209,2015
TAMAULIPAS,INSTITUTO DE CIENCIAS Y ESTUDIOS SUPERIORES DE TAMAULIPAS,42,5,54.191,2015
TAMAULIPAS,UNIVERSIDAD AUTONOMA DE TAMAULIPAS UNIDAD TAMPICO,289,70,60.717,2015
TAMAULIPAS,UNIVERSIDAD AUTONOMA DE TAMAULIPAS UNIDAD MATAMOROS,291,39,56.06,2015
TAMAULIPAS,UNIVERSIDAD DEL NORESTE,459,62,56.332,2015
TAMAULIPAS,UNIVERSIDAD DEL VALLE DE MEXICO CAMPUS CIUDAD VICTORIA,7,1,55.524,2015
TAMAULIPAS,UNIVERSIDAD LA SALLE CAMPUS CIUDAD VICTORIA,1,1,66,2015
TAMAULIPAS,UNIVERSIDAD MEXICO AMERICANA DEL NORTE,67,6,52.939,2015
TAMAULIPAS,UNIVERSIDAD VALLE DEL BRAVO UNIDAD CIUDAD VICTORIA,162,31,55.302,2015
TAMAULIPAS,UNIVERSIDAD VALLE DEL BRAVO UNIDAD REYNOSA,72,11,57.275,2015
TLAXCALA,UNIVERSIDAD AUTONOMA DE TLAXCALA,353,53,56.621,2015
VERACRUZ,UNIVERSIDAD AUTONOMA DE VERACRUZ VILLA RICA,214,23,58.393,2015
VERACRUZ,UNIVERSIDAD CRISTOBAL COLON UNIDAD VERACRUZ,105,13,56.404,2015
VERACRUZ,UNIVERSIDAD VERACRUZANA UNIDAD CIUDAD MENDOZA,265,46,57.881,2015
VERACRUZ,UNIVERSIDAD VERACRUZANA UNIDAD MINATITLAN,137,40,61.638,2015
VERACRUZ,UNIVERSIDAD VERACRUZANA UNIDAD JALAPA,306,73,62.168,2015
VERACRUZ,UNIVERSIDAD VERACRUZANA UNIDAD POZA RICA,130,19,58.817,2015
VERACRUZ,UNIVERSIDAD VERACRUZANA UNIDAD VERACRUZ,333,56,59.527,2015
YUCATAN,UNIVERSIDAD AUTONOMA DE YUCATAN,265,94,65.057,2015
YUCATAN,UNIVERSIDAD DEL MAYAB,151,37,61.923,2015
ZACATECAS,UNIVERSIDAD AUTONOMA DE ZACATECAS,475,90,60.178,2015
NONE,ESTUDIOS EN EL EXTRANJERO,263,35,57.657,2015
NONE,MEDICOS EXTRANJEROS,932,171,65.538,2015
AGUASCALIENTES,UNIVERSIDAD AUTONOMA DE AGUASCALIENTES,222,80,65.739,2016
AGUASCALIENTES,UNIVERSIDAD CUAHUTEMOC,96,22,62.539,2016
BAJA CALIFORNIA,CENTRO DE ESTUDIOS UNIVERSITARIOS XOCHICALCO UNIDAD ENSENADA,291,61,59.469,2016
BAJA CALIFORNIA,CENTRO DE ESTUDIOS UNIVERSITARIOS XOCHICALCO UNIDAD TIJUANA,126,23,60.113,2016
BAJA CALIFORNIA,UNIVERSIDAD AUTONOMA DE BAJA CALIFORNIA UNIDAD VALLE DE LAS PALMAS,49,9,60.576,2016
BAJA CALIFORNIA,UNIVERSIDAD AUTONOMA DE BAJA CALIFORNIA UNIDAD ENSENADA,121,40,64.81,2016
BAJA CALIFORNIA,UNIVERSIDAD AUTONOMA DE BAJA CALIFORNIA UNIDAD MEXICALI,249,96,66.177,2016
BAJA CALIFORNIA,UNIVERSIDAD AUTONOMA DE BAJA CALIFORNIA UNIDAD TIJUANA,231,81,65.614,2016
BAJA CALIFORNIA SUR,CENTRO DE ESTUDIOS UNIVERSITARIOS XOCHICALCO UNIDAD MEXICALI,2,0,48.444,2016
CAMPECHE,UNIVERSIDAD AUTONOMA DE CAMPECHE,219,29,59.516,2016
CHIAPAS,INSTITUTO DE ESTUDIOS SUPERIORES DE CHIAPAS,20,3,54.744,2016
CHIAPAS,INSTITUTO DE ESTUDIOS SUPERIORES DE CHIAPAS UNIDAD TAPACHULA,53,6,54.26,2016
CHIAPAS,INSTITUTO DE ESTUDIOS SUPERIORES DE CHIAPAS UNIDAD TUXTLA GUTIERREZ,312,29,55.14,2016
CHIAPAS,UNIVIVERSIDAD AUTONOMA DE CHIAPAS,609,113,62.347,2016
CHIAPAS,UNIVERSIDAD PABLO GUARDADO CHAVEZ,0,0,0,2016
CHIHUAHUA,UNIVERSIDAD AUTONOMA DE CIUDAD JUAREZ,375,92,61.701,2016
CHIHUAHUA,UNIVERSIDAD AUTONOMA DE CHIHUAHUA,279,98,66.419,2016
CIUDAD DE MEXICO,ESCUELA LIBRE DE HOMEOPATIA DE MEXICO,16,1,50.597,2016
CIUDAD DE MEXICO,ESCUELA MEDICO MILITAR SEDENA,3,1,62.148,2016
CIUDAD DE MEXICO,ESCUELA MEDICO NAVAL SECRETARIA DE MARINA ARMADA DE MEXICO,7,4,62.825,2016
CIUDAD DE MEXICO,INSTITUTO POLITECNICO NACIONAL CENTRO INTERDISCIPLINARIO DE CIENCIAS DE LA SALUD,349,51,57.17,2016
CIUDAD DE MEXICO,INSTITUTO POLITECNICO NACIONAL ESCUELA SUPERIOR DE MEDICINA,1333,307,61.629,2016
CIUDAD DE MEXICO,INSTITUTO POLITECNICO NACIONAL ESCUELA NACIONAL DE MEDICINA Y HOMEOPATIA,687,88,57.919,2016
CIUDAD DE MEXICO,UNAM FES ZARAGOZA,475,97,59.661,2016
CIUDAD DE MEXICO,UNAM FM CU,1959,545,64.409,2016
CIUDAD DE MEXICO,UNIVERSIDAD AUTONOMA METROPOLITANA  UNIDAD XOCHIMILCO,448,75,61.075,2016
CIUDAD DE MEXICO,UNIVERSIDAD JUSTO SIERRA,270,25,56.049,2016
CIUDAD DE MEXICO,UNIVERSIDAD LA SALLE,350,133,67.779,2016
CIUDAD DE MEXICO,UNIVERSIDAD PANAMERICANA,51,31,73.46,2016
CIUDAD DE MEXICO,UNIVERSIDAD WEST HILL INSTITUTE,183,22,58.993,2016
COAHUILA,UNIVERSIDAD AUTONOMA DE COAHUILA UNIDAD SALTILLO,113,33,65.87,2016
COAHUILA,UNIVERSIDAD AUTONOMA DE COAHUILA UNIDAD TORREON,182,65,65.924,2016
COAHUILA,UNIVERSIDAD DEL VALLE DE MEXICO  UNIDAD SALTILLO,42,5,57.825,2016
COLIMA,UNIVERSIDAD AUTONOMA DE COLIMA,228,63,62.641,2016
DURANGO,UNIVERSIDAD AUTONOMA DE DURANGO UNIDAD DURANGO,17,1,55.948,2016
DURANGO,UNIVERSIDAD AUTONOMA ESPA GN A DE DURANGO,21,1,52.042,2016
DURANGO,UNIVERSIDAD JUAREZ DEL ESTADO DE DURANGO UNIDAD DURANGO,427,83,59.346,2016
DURANGO,UNIVERSIDAD JUAREZ DEL ESTADO DE DURANGO UNIDAD GOMEZ PALACIO,229,53,61.347,2016
ESTADO DE MEXICO,ESCUELA MEDICINA TOMINAGA NAKAMOTO,199,22,55.322,2016
ESTADO DE MEXICO,UNAM FES IZTACALA,1425,254,60.242,2016
ESTADO DE MEXICO,UNIVERSIDAD ANAHUAC,515,104,62.675,2016
ESTADO DE MEXICO,UNIVERSIDAD AUTONOMA DEL ESTADO DE MEXICO,327,89,64.965,2016
GUANAJUATO,UNIVERSIDAD DE CELAYA,51,9,62.183,2016
GUANAJUATO,UNIVERSIDAD DE GUANAJUATO,156,66,68.669,2016
GUANAJUATO,UNIVERSIDAD LATINA DE MEXICO UNIDAD CELAYA,68,17,63.36,2016
GUANAJUATO,UNIVERSIDAD QUETZALCOATL,264,38,58.005,2016
GUERRERO,UNIVERSIDAD AUTONOMA DE GUERRERO,635,87,57.085,2016
GUERRERO,UNIVERSIDAD HIPOCRATES,20,0,55.022,2016
HIDALGO,UNIVERSIDAD AUTONOMA DEL ESTADO DE HIDALGO,716,129,61.631,2016
JALISCO,UNIVERSIDAD AUTONOMA DE GUADALAJARA,1667,360,62.25,2016
JALISCO,UNIVERSIDAD CUAUHTEMOC PLANTEL GUADALAJARA,25,2,57.333,2016
JALISCO,UNIVERSIDAD DE GUADALAJARA,1627,564,64.922,2016
JALISCO,UNIVERSIDAD DE GUADALAJARA CENTRO UNIVERSITARIO DE LA COSTA,99,26,63.416,2016
JALISCO,UNIVERSIDAD DE GUADALAJARA CENTRO UNIVERSITARIO DEL SUR,145,42,64.123,2016
JALISCO,UNIVERSIDAD DE GUADALAJARA UNIDAD CIUDAD GUZMAN,61,14,61.909,2016
JALISCO,UNIVERSIDAD DE GUADALAJARA UNIDAD LOS ALTOS,98,34,64.238,2016
JALISCO,UNIVERSIDAD DEL VALLE DE ATEMAJAC,50,8,62,2016
JALISCO,UNIVERSIDAD DEL VALLE DE MEXICO UNIDAD JALISCO,3,2,71.556,2016
JALISCO,UNIVERSIDAD DEL VALLE DE MEXICO UNIDAD ZAPOPAN,37,7,60.925,2016
JALISCO,UNIVERSIDAD GUADALAJARA LAMAR,27,3,59.737,2016
JALISCO,UNIVERSIDAD GUADALAJARA LAMAR UNIDAD INGLATERRA,295,73,60.72,2016
MICHOACAN,UNIVERSIDAD MICHOACANA DE SAN NICOLAS DE HIDALGO UNIDAD MORELIA,2048,346,57.954,2016
MICHOACAN,UNIVERSIDAD MICHOACANA DE SAN NICOLAS DE HIDALGO UNIDAD ZAMORA,83,19,61.333,2016
MICHOACAN,UNIVERSIDAD VASCO DE QUIROGA CAMPUS SANTA MARIA,47,5,56.61,2016
MORELOS,UNIVERSIDAD AUTONOMA DEL ESTADO DE MORELOS,262,64,63.531,2016
MORELOS,UNIVERSIDAD LATINOAMERICANA,104,14,58.15,2016
NAYARIT,INSTITUTO DE ESTUDIOS TECNOLOGICOS Y SUPERIORES DE MATATIPAC,0,0,0,2016
NAYARIT,UNIVERSIDAD AUTONOMA DE NAYARIT,401,92,60.409,2016
NUEVO LEON,INSTITUTO TECNOLOGICO Y ESTUDIOS SUPERIORES DE MONTERREY,279,110,68.348,2016
NUEVO LEON,UNIVERSIDAD AUTONOMA DE NUEVO LEON,1124,371,64.254,2016
NUEVO LEON,UNIVERSIDAD DE MONTERREY,318,95,65.106,2016
NUEVO LEON,UNIVERSIDAD MONTEMORELOS,121,21,61.131,2016
OAXACA,UNIVERSIDAD AUTONOMA BENITO JUAREZ DE OAXACA,821,155,59.547,2016
OAXACA,UNIVERSIDAD REGIONAL DEL SURESTE,344,41,57.865,2016
PUEBLA,BENEMERITA UNIVERSIDAD AUTONOMA DE PUEBLA,1379,269,59.394,2016
PUEBLA,BENEMERITA UNIVERSIDAD AUTONOMA DE PUEBLA UNIDAD TEHUACAN,94,14,59.629,2016
PUEBLA,INSTITUTO DE ESTUDIOS SUPERIORES DE TEPEACA,35,2,50.749,2016
PUEBLA,UNIVERSIDAD LAS AMERICAS PUEBLA,21,2,60.794,2016
PUEBLA,UNIVERSIDAD POPULAR AUTONOMA DEL ESTADO DE PUEBLA,867,194,61.576,2016
QUERETARO,UNIVERSIDAD AUTONOMA DE QUERETARO,194,63,67.509,2016
QUERETARO,UNIVERSIDAD DEL VALLE DE MEXICO UNIDAD QUERETARO,132,20,61.971,2016
QUINTANA ROO,UNIVERSIDAD DE QUINTANA ROO,75,7,58.85,2016
SAN LUIS POTOSI,UNIVERSIDAD AUTONOMA DE SAN LUIS POTOSI,218,101,68.371,2016
SINALOA,UNIVERSIDAD AUTONOMA DE SINALOA,1059,258,59.602,2016
SONORA,UNIVERSIDAD DE SONORA,227,58,64.591,2016
SONORA,UNIVERSIDAD DEL VALLE DE MEXICO CAMPUS HERMOSILLO,68,20,63.627,2016
TABASCO,UNIVERSIDAD AUTONOMA DE GUADALAJARA UNIDAD TABASCO,175,32,61.025,2016
TABASCO,UNIVERSIDAD DEL VALLE DE MEXICO CAMPUS VILLAHERMOSA,33,5,57.246,2016
TABASCO,UNIVERSIDAD JUAREZ AUTONOMA DE TABASCO,611,84,55.78,2016
TABASCO,UNIVERSIDAD JUAREZ AUTONOMA DE TABASCO DIVISION ACADEMICA,35,8,59.644,2016
TABASCO,UNIVERSIDAD OLMECA,10,1,60.067,2016
TAMAULIPAS,INSTITUTO DE CIENCIAS Y ESTUDIOS SUPERIORES DE TAMAULIPAS,62,7,54.728,2016
TAMAULIPAS,UNIVERSIDAD AUTONOMA DE TAMAULIPAS UNIDAD TAMPICO,272,74,61.788,2016
TAMAULIPAS,UNIVERSIDAD AUTONOMA DE TAMAULIPAS UNIDAD MATAMOROS,349,62,58.034,2016
TAMAULIPAS,UNIVERSIDAD DEL NORESTE,456,55,57.213,2016
TAMAULIPAS,UNIVERSIDAD DEL VALLE DE MEXICO CAMPUS CIUDAD REYNOSA,49,11,58.508,2016
TAMAULIPAS,UNIVERSIDAD DEL VALLE DE MEXICO CAMPUS CIUDAD VICTORIA,122,18,56.064,2016
TAMAULIPAS,UNIVERSIDAD LA SALLE CAMPUS CIUDAD VICTORIA,75,17,59.923,2016
TAMAULIPAS,UNIVERSIDAD MEXICO AMERICANA DEL NORTE,58,7,55.395,2016
TAMAULIPAS,UNIVERSIDAD VALLE DEL BRAVO UNIDAD CIUDAD VICTORIA,37,3,54.763,2016
TAMAULIPAS,UNIVERSIDAD VALLE DEL BRAVO UNIDAD REYNOSA,12,4,58.037,2016
TLAXCALA,UNIVERSIDAD AUTONOMA DE TLAXCALA,423,55,56.553,2016
VERACRUZ,UNIVERSIDAD AUTONOMA DE VERACRUZ VILLA RICA,256,30,57.907,2016
VERACRUZ,UNIVERSIDAD CRISTOBAL COLON UNIDAD VERACRUZ,123,17,58.045,2016
VERACRUZ,UNIVERSIDAD VERACRUZANA UNIDAD CIUDAD MENDOZA,287,49,59.461,2016
VERACRUZ,UNIVERSIDAD VERACRUZANA UNIDAD MINATITLAN,158,42,62.055,2016
VERACRUZ,UNIVERSIDAD VERACRUZANA UNIDAD JALAPA,327,88,62.845,2016
VERACRUZ,UNIVERSIDAD VERACRUZANA UNIDAD POZA RICA,154,35,61.242,2016
VERACRUZ,UNIVERSIDAD VERACRUZANA UNIDAD VERACRUZ,340,70,60.762,2016
YUCATAN,UNIVERSIDAD AUTONOMA DE YUCATAN,287,81,65.269,2016
YUCATAN,UNIVERSIDAD DEL MAYAB,149,35,62.954,2016
ZACATECAS,UNIVERSIDAD AUTONOMA DE ZACATECAS,539,125,62.047,2016
NONE,ESTUDIOS EN EL EXTRANJERO,233,38,58.664,2016
NONE,MEDICOS EXTRANJEROS,1010,176,62.319,2016
AGUASCALIENTES,UNIVERSIDAD AUTONOMA DE AGUASCALIENTES,194,72,65.64,2014
AGUASCALIENTES,UNIVERSIDAD CUAHUTEMOC,15,1,58.518,2014
BAJA CALIFORNIA,CENTRO DE ESTUDIOS UNIVERSITARIOS XOCHICALCO UNIDAD ENSENADA,207,30,59.971,2014
BAJA CALIFORNIA,CENTRO DE ESTUDIOS UNIVERSITARIOS XOCHICALCO UNIDAD TIJUANA,128,24,61.524,2014
BAJA CALIFORNIA,UNIVERSIDAD AUTONOMA DE BAJA CALIFORNIA UNIDAD ENSENADA,55,18,64.25,2014
BAJA CALIFORNIA,UNIVERSIDAD AUTONOMA DE BAJA CALIFORNIA UNIDAD MEXICALI,201,75,65.535,2014
BAJA CALIFORNIA,UNIVERSIDAD AUTONOMA DE BAJA CALIFORNIA UNIDAD TIJUANA,192,82,66.103,2014
CAMPECHE,UNIVERSIDAD AUTONOMA DE CAMPECHE,164,28,59.928,2014
CHIAPAS,INSTITUTO DE ESTUDIOS SUPERIORES DE CHIAPAS,18,3,57.938,2014
CHIAPAS,INSTITUTO DE ESTUDIOS SUPERIORES DE CHIAPAS UNIDAD TAPACHULA,51,8,55.538,2014
CHIAPAS,INSTITUTO DE ESTUDIOS SUPERIORES DE CHIAPAS UNIDAD TUXTLA GUTIERREZ,213,27,56.03,2014
CHIAPAS,UNIVIVERSIDAD AUTONOMA DE CHIAPAS,373,87,62.21,2014
CHIHUAHUA,UNIVERSIDAD AUTONOMA DE CIUDAD JUAREZ,366,69,58.83,2014
CHIHUAHUA,UNIVERSIDAD AUTONOMA DE CHIHUAHUA,294,120,66.072,2014
COAHUILA,UNIVERSIDAD AUTONOMA DE COAHUILA UNIDAD SALTILLO,72,26,66.105,2014
COAHUILA,UNIVERSIDAD AUTONOMA DE COAHUILA UNIDAD TORREON,156,62,65.143,2014
COLIMA,UNIVERSIDAD AUTONOMA DE COLIMA,173,46,61.714,2014
CIUDAD DE MEXICO,ESCUELA LIBRE DE HOMEOPATIA DE MEXICO,9,1,54.346,2014
CIUDAD DE MEXICO,ESCUELA MEDICO MILITAR SEDENA,4,0,68.556,2014
CIUDAD DE MEXICO,INSTITUTO POLITECNICO NACIONAL CENTRO INTERDISCIPLINARIO DE CIENCIAS DE LA SALUD,276,43,57.644,2014
CIUDAD DE MEXICO,INSTITUTO POLITECNICO NACIONAL ESCUELA SUPERIOR DE MEDICINA,726,183,62.125,2014
CIUDAD DE MEXICO,INSTITUTO POLITECNICO NACIONAL ESCUELA NACIONAL DE MEDICINA Y HOMEOPATIA,429,55,58.39,2014
CIUDAD DE MEXICO,UNAM FES ZARAGOZA,340,77,60.158,2014
CIUDAD DE MEXICO,UNAM FM CU,1609,603,65.474,2014
CIUDAD DE MEXICO,UNIVERSIDAD AUTONOMA METROPOLITANA  UNIDAD XOCHIMILCO,322,87,61.78,2014
CIUDAD DE MEXICO,UNIVERSIDAD JUSTO SIERRA,195,21,58.345,2014
CIUDAD DE MEXICO,UNIVERSIDAD LA SALLE,302,104,66.6,2014
CIUDAD DE MEXICO,UNIVERSIDAD PANAMERICANA,41,30,73.062,2014
CIUDAD DE MEXICO,UNIVERSIDAD WEST HILL INSTITUTE,131,24,59.291,2014
DURANGO,UNIVERSIDAD AUTONOMA ESPA GN A DE DURANGO,5,2,59.555,2014
DURANGO,UNIVERSIDAD JUAREZ DEL ESTADO DE DURANGO UNIDAD DURANGO,305,63,59.282,2014
DURANGO,UNIVERSIDAD JUAREZ DEL ESTADO DE DURANGO UNIDAD GOMEZ PALACIO,181,51,60.619,2014
ESTADO DE MEXICO,ESCUELA MEDICINA TOMINAGA NAKAMOTO,156,23,58.003,2014
ESTADO DE MEXICO,UNAM FES IZTACALA,1079,253,61.482,2014
ESTADO DE MEXICO,UNIVERSIDAD ANAHUAC,361,101,64.93,2014
ESTADO DE MEXICO,UNIVERSIDAD AUTONOMA DEL ESTADO DE MEXICO,203,67,65.038,2014
GUANAJUATO,UNIVERSIDAD DE CELAYA,27,4,63.737,2014
GUANAJUATO,UNIVERSIDAD DE GUANAJUATO,158,78,67.723,2014
GUANAJUATO,UNIVERSIDAD QUETZALCOATL,136,25,59.546,2014
GUANAJUATO,UNIVERSIDAD LATINA DE MEXICO UNIDAD CELAYA,14,3,64.333,2014
GUERRERO,UNIVERSIDAD AUTONOMA DE GUERRERO,483,99,58.315,2014
HIDALGO,UNIVERSIDAD AUTONOMA DEL ESTADO DE HIDALGO,523,124,61.987,2014
JALISCO,UNIVERSIDAD AUTONOMA DE GUADALAJARA,1324,315,61.762,2014
JALISCO,UNIVERSIDAD DE GUADALAJARA,1613,570,63.805,2014
JALISCO,UNIVERSIDAD DE GUADALAJARA UNIDAD CIUDAD GUZMAN,164,45,62.534,2014
JALISCO,UNIVERSIDAD DE GUADALAJARA UNIDAD LOS ALTOS,88,29,63.104,2014
JALISCO,UNIVERSIDAD DE GUADALAJARA CENTRO UNIVERSITARIO DE LA COSTA,1,0,56.222,2014
JALISCO,UNIVERSIDAD DEL VALLE DE ATEMAJAC,2,0,54.777,2014
JALISCO,UNIVERSIDAD GUADALAJARA LAMAR,63,8,59.217,2014
MICHOACAN,UNIVERSIDAD MICHOACANA DE SAN NICOLAS DE HIDALGO UNIDAD MORELIA,1757,367,58.738,2014
MICHOACAN,UNIVERSIDAD MICHOACANA DE SAN NICOLAS DE HIDALGO UNIDAD ZAMORA,69,20,63.163,2014
MORELOS,UNIVERSIDAD AUTONOMA DEL ESTADO DE MORELOS,158,49,63.856,2014
MORELOS,UNIVERSIDAD LATINOAMERICANA,99,13,59.351,2014
NAYARIT,INSTITUTO DE ESTUDIOS TECNOLOGICOS Y SUPERIORES DE MATATIPAC,1,0,62.889,2014
NAYARIT,UNIVERSIDAD AUTONOMA DE NAYARIT,341,100,62.17,2014
NUEVO LEON,INSTITUTO TECNOLOGICO Y ESTUDIOS SUPERIORES DE MONTERREY,255,133,69.365,2014
NUEVO LEON,UNIVERSIDAD AUTONOMA DE NUEVO LEON,925,360,64.87,2014
NUEVO LEON,UNIVERSIDAD DE MONTERREY,256,89,65.62,2014
NUEVO LEON,UNIVERSIDAD MONTEMORELOS,88,20,61.098,2014
OAXACA,UNIVERSIDAD AUTONOMA BENITO JUAREZ DE OAXACA,628,147,59.248,2014
OAXACA,UNIVERSIDAD REGIONAL DEL SURESTE,247,56,58.874,2014
PUEBLA,BENEMERITA UNIVERSIDAD AUTONOMA DE PUEBLA,1147,232,59.625,2014
PUEBLA,BENEMERITA UNIVERSIDAD AUTONOMA DE PUEBLA UNIDAD TEHUACAN,65,16,61.456,2014
PUEBLA,INSTITUTO DE ESTUDIOS SUPERIORES DE TEPEACA,17,2,56.314,2014
PUEBLA,UNIVERSIDAD LAS AMERICAS PUEBLA,12,4,63.833,2014
PUEBLA,UNIVERSIDAD POPULAR AUTONOMA DEL ESTADO DE PUEBLA,633,150,62.014,2014
QUERETARO,UNIVERSIDAD AUTONOMA DE QUERETARO,118,52,68.384,2014
QUERETARO,UNIVERSIDAD DEL VALLE DE MEXICO UNIDAD QUERETARO,131,22,61.752,2014
SAN LUIS POTOSI,UNIVERSIDAD AUTONOMA DE SAN LUIS POTOSI,179,102,69.379,2014
SINALOA,UNIVERSIDAD AUTONOMA DE SINALOA,918,273,60.593,2014
SONORA,UNIVERSIDAD DE SONORA,166,57,64.025,2014
SONORA,UNIVERSIDAD DEL VALLE DE MEXICO CAMPUS HERMOSILLO,4,0,61.667,2014
TABASCO,UNIVERSIDAD JUAREZ AUTONOMA DE TABASCO,480,67,56.736,2014
TABASCO,UNIVERSIDAD DEL VALLE DE MEXICO CAMPUS VILLAHERMOSA,3,1,61.926,2014
TAMAULIPAS,INSTITUTO DE CIENCIAS Y ESTUDIOS SUPERIORES DE TAMAULIPAS,30,7,58.081,2014
TAMAULIPAS,UNIVERSIDAD AUTONOMA DE TAMAULIPAS UNIDAD TAMPICO,208,61,61.361,2014
TAMAULIPAS,UNIVERSIDAD AUTONOMA DE TAMAULIPAS UNIDAD MATAMOROS,178,39,58.856,2014
TAMAULIPAS,UNIVERSIDAD DEL NORESTE,362,58,58.018,2014
TAMAULIPAS,UNIVERSIDAD MEXICO AMERICANA DEL NORTE,32,3,54.84,2014
TAMAULIPAS,UNIVERSIDAD VALLE DEL BRAVO UNIDAD CIUDAD VICTORIA,104,27,58.382,2014
TAMAULIPAS,UNIVERSIDAD VALLE DEL BRAVO UNIDAD REYNOSA,37,15,61.97,2014
TAMAULIPAS,UNIVERSIDAD DEL VALLE DE MEXICO CAMPUS CIUDAD VICTORIA,1,0,48.888,2014
TLAXCALA,UNIVERSIDAD AUTONOMA DE TLAXCALA,251,51,58.623,2014
VERACRUZ,UNIVERSIDAD AUTONOMA DE VERACRUZ VILLA RICA,165,23,59.251,2014
VERACRUZ,UNIVERSIDAD CRISTOBAL COLON UNIDAD VERACRUZ,69,7,57.723,2014
VERACRUZ,UNIVERSIDAD VERACRUZANA UNIDAD CIUDAD MENDOZA,217,46,59.992,2014
VERACRUZ,UNIVERSIDAD VERACRUZANA UNIDAD MINATITLAN,90,28,63.197,2014
VERACRUZ,UNIVERSIDAD VERACRUZANA UNIDAD JALAPA,200,39,61.703,2014
VERACRUZ,UNIVERSIDAD VERACRUZANA UNIDAD POZA RICA,95,24,61.493,2014
VERACRUZ,UNIVERSIDAD VERACRUZANA UNIDAD VERACRUZ,245,63,61.693,2014
YUCATAN,UNIVERSIDAD AUTONOMA DE YUCATAN,229,88,65.402,2014
YUCATAN,UNIVERSIDAD DEL MAYAB,144,41,63.988,2014
ZACATECAS,UNIVERSIDAD AUTONOMA DE ZACATECAS,395,117,61.808,2014
NONE,ESTUDIOS EN EL EXTRANJERO,165,24,60.143,2014
NONE,MEDICOS EXTRANJEROS,607,174,65.33,2014
AGUASCALIENTES,UNIVERSIDAD AUTONOMA DE AGUASCALIENTES,171,92,57.603,2011
BAJA CALIFORNIA,CENTRO DE ESTUDIOS UNIVERSITARIOS XOCHICALCO UNIDAD ENSENADA,160,30,50.783,2011
BAJA CALIFORNIA,CENTRO DE ESTUDIOS UNIVERSITARIOS XOCHICALCO UNIDAD TIJUANA,75,20,52.071,2011
BAJA CALIFORNIA,UNIVERSIDAD AUTONOMA DE BAJA CALIFORNIA UNIDAD MEXICALI,178,92,56.66,2011
BAJA CALIFORNIA,UNIVERSIDAD AUTONOMA DE BAJA CALIFORNIA UNIDAD TIJUANA,169,82,56.273,2011
CAMPECHE,UNIVERSIDAD AUTONOMA DE CAMPECHE,138,28,52.347,2011
CHIAPAS,INSTITUTO DE ESTUDIOS SUPERIORES DE CHIAPAS,153,16,49.59,2011
CHIAPAS,INSTITUTO DE ESTUDIOS SUPERIORES DE CHIAPAS UNIDAD TAPACHULA,14,0,47.282,2011
CHIAPAS,INSTITUTO DE ESTUDIOS SUPERIORES DE CHIAPAS UNIDAD TUXTLA GUTIERREZ,43,1,46.742,2011
CHIAPAS,UNIVIVERSIDAD AUTONOMA DE CHIAPAS,375,95,53.377,2011
CHIHUAHUA,UNIVERSIDAD AUTONOMA DE CIUDAD JUAREZ,292,56,50.633,2011
CHIHUAHUA,UNIVERSIDAD AUTONOMA DE CHIHUAHUA,165,75,57.348,2011
COAHUILA,UNIVERSIDAD AUTONOMA DE COAHUILA UNIDAD SALTILLO,89,42,56.667,2011
COAHUILA,UNIVERSIDAD AUTONOMA DE COAHUILA UNIDAD TORREON,133,46,54.316,2011
COLIMA,UNIVERSIDAD AUTONOMA DE COLIMA,165,60,53.129,2011
CIUDAD DE MEXICO,ESCUELA LIBRE DE HOMEOPATIA DE MEXICO,15,2,48.39,2011
CIUDAD DE MEXICO,ESCUELA MEDICO MILITAR SEDENA,3,0,53.475,2011
CIUDAD DE MEXICO,ESCUELA MEDICO NAVAL SECRETARIA DE MARINA ARMADA DE MEXICO,11,5,55.35,2011
CIUDAD DE MEXICO,INSTITUTO POLITECNICO NACIONAL CENTRO INTERDISCIPLINARIO DE CIENCIAS DE LA SALUD,270,32,48.572,2011
CIUDAD DE MEXICO,INSTITUTO POLITECNICO NACIONAL ESCUELA SUPERIOR DE MEDICINA,711,176,52.578,2011
CIUDAD DE MEXICO,INSTITUTO POLITECNICO NACIONAL ESCUELA NACIONAL DE MEDICINA Y HOMEOPATIA,352,32,48.39,2011
CIUDAD DE MEXICO,UNAM FES ZARAGOZA,333,71,52.432,2011
CIUDAD DE MEXICO,UNAM FM CU,1411,566,55.96,2011
CIUDAD DE MEXICO,UNIVERSIDAD AUTONOMA METROPOLITANA  UNIDAD XOCHIMILCO,286,59,52.161,2011
CIUDAD DE MEXICO,UNIVERSIDAD JUSTO SIERRA,197,23,49.939,2011
CIUDAD DE MEXICO,UNIVERSIDAD LA SALLE,219,131,59.131,2011
CIUDAD DE MEXICO,UNIVERSIDAD PANAMERICANA,40,31,63.298,2011
CIUDAD DE MEXICO,UNIVERSIDAD WEST HILL INSTITUTE,139,33,52.25,2011
CIUDAD DE MEXICO,UNIVERSIDAD JUAREZ DEL ESTADO DE DURANGO UNIDAD DURANGO,260,60,50.802,2011
CIUDAD DE MEXICO,UNIVERSIDAD JUAREZ DEL ESTADO DE DURANGO UNIDAD GOMEZ PALACIO,166,51,51.964,2011
CIUDAD DE MEXICO,ESCUELA MEDICINA TOMINAGA NAKAMOTO,111,7,47.949,2011
CIUDAD DE MEXICO,UNAM FES IZTACALA,1118,241,51.695,2011
CIUDAD DE MEXICO,UNIVERSIDAD ANAHUAC,280,104,55.806,2011
CIUDAD DE MEXICO,UNIVERSIDAD AUTONOMA DEL ESTADO DE MEXICO,188,62,55.095,2011
GUANAJUATO,UNIVERSIDAD DE GUANAJUATO,117,53,57.717,2011
GUANAJUATO,UNIVERSIDAD QUETZALCOATL,102,18,51.668,2011
GUERRERO,UNIVERSIDAD AUTONOMA DE GUERRERO,501,78,49.071,2011
HIDALGO,UNIVERSIDAD AUTONOMA DEL ESTADO DE HIDALGO,537,122,52.709,2011
JALISCO,UNIVERSIDAD AUTONOMA DE GUADALAJARA,994,209,52.947,2011
JALISCO,UNIVERSIDAD DE GUADALAJARA,1385,516,54.843,2011
JALISCO,UNIVERSIDAD DE GUADALAJARA UNIDAD CIUDAD GUZMAN,138,43,54.89,2011
JALISCO,UNIVERSIDAD DE GUADALAJARA UNIDAD LOS ALTOS,70,19,52.83,2011
MICHOACAN,UNIVERSIDAD MICHOACANA DE SAN NICOLAS DE HIDALGO UNIDAD MORELIA,1677,276,49.689,2011
MICHOACAN,UNIVERSIDAD MICHOACANA DE SAN NICOLAS DE HIDALGO UNIDAD ZAMORA,69,22,53.201,2011
MORELOS,UNIVERSIDAD AUTONOMA DEL ESTADO DE MORELOS,176,47,53.411,2011
MORELOS,UNIVERSIDAD LATINOAMERICANA,90,15,50.57,2011
NAYARIT,INSTITUTO DE ESTUDIOS TECNOLOGICOS Y SUPERIORES DE MATATIPAC,1,0,39.15,2011
NAYARIT,UNIVERSIDAD AUTONOMA DE NAYARIT,302,62,51.027,2011
NUEVO LEON,INSTITUTO TECNOLOGICO Y ESTUDIOS SUPERIORES DE MONTERREY,131,80,60.312,2011
NUEVO LEON,UNIVERSIDAD AUTONOMA DE NUEVO LEON,713,307,56.092,2011
NUEVO LEON,UNIVERSIDAD DE MONTERREY,156,64,55.917,2011
NUEVO LEON,UNIVERSIDAD MONTEMORELOS,72,18,51.609,2011
OAXACA,UNIVERSIDAD AUTONOMA BENITO JUAREZ DE OAXACA,944,153,49.941,2011
OAXACA,UNIVERSIDAD REGIONAL DEL SURESTE,241,35,50.022,2011
PUEBLA,BENEMERITA UNIVERSIDAD AUTONOMA DE PUEBLA,1137,226,50.747,2011
PUEBLA,BENEMERITA UNIVERSIDAD AUTONOMA DE PUEBLA UNIDAD TEHUACAN,56,10,52.373,2011
PUEBLA,INSTITUTO DE ESTUDIOS SUPERIORES DE TEPEACA,10,0,48.488,2011
PUEBLA,UNIVERSIDAD POPULAR AUTONOMA DEL ESTADO DE PUEBLA,521,123,52.398,2011
QUERETARO,UNIVERSIDAD AUTONOMA DE QUERETARO,65,39,60.843,2011
QUERETARO,UNIVERSIDAD DEL VALLE DE MEXICO UNIDAD QUERETARO,128,38,54.411,2011
SAN LUIS POTOSI,UNIVERSIDAD AUTONOMA DE SAN LUIS POTOSI,139,91,60.522,2011
SINALOA,UNIVERSIDAD AUTONOMA DE SINALOA,999,180,49.367,2011
SONORA,UNIVERSIDAD DE SONORA,130,56,55.466,2011
TABASCO,UNIVERSIDAD JUAREZ AUTONOMA DE TABASCO,420,48,47.861,2011
TAMAULIPAS,UNIVERSIDAD AUTONOMA DE TAMAULIPAS UNIDAD TAMPICO,185,48,51.757,2011
TAMAULIPAS,UNIVERSIDAD AUTONOMA DE TAMAULIPAS UNIDAD MATAMOROS,207,31,48.485,2011
TAMAULIPAS,UNIVERSIDAD DEL NORESTE,277,44,49.005,2011
TAMAULIPAS,UNIVERSIDAD MEXICO AMERICANA DEL NORTE,43,0,46.983,2011
TAMAULIPAS,UNIVERSIDAD VALLE DEL BRAVO UNIDAD CIUDAD VICTORIA,92,12,49.341,2011
TAMAULIPAS,UNIVERSIDAD VALLE DEL BRAVO UNIDAD REYNOSA,31,8,51.576,2011
TLAXCALA,UNIVERSIDAD AUTONOMA DE TLAXCALA,311,42,50.069,2011
VERACRUZ,UNIVERSIDAD AUTONOMA DE VERACRUZ VILLA RICA,190,41,51.55,2011
VERACRUZ,UNIVERSIDAD CRISTOBAL COLON UNIDAD VERACRUZ,11,1,49.602,2011
VERACRUZ,UNIVERSIDAD VERACRUZANA UNIDAD CIUDAD MENDOZA,193,30,49.258,2011
VERACRUZ,UNIVERSIDAD VERACRUZANA UNIDAD MINATITLAN,92,22,52.034,2011
VERACRUZ,UNIVERSIDAD VERACRUZANA UNIDAD JALAPA,229,68,52.288,2011
VERACRUZ,UNIVERSIDAD VERACRUZANA UNIDAD POZA RICA,67,9,50.618,2011
VERACRUZ,UNIVERSIDAD VERACRUZANA UNIDAD VERACRUZ,229,57,51.83,2011
YUCATAN,UNIVERSIDAD AUTONOMA DE YUCATAN,185,93,58.056,2011
YUCATAN,UNIVERSIDAD DEL MAYAB,96,29,53.927,2011
ZACATECAS,UNIVERSIDAD AUTONOMA DE ZACATECAS,339,87,53.677,2011
NONE,ESTUDIOS EN EL EXTRANJERO,34,8,53.974,2011
AGUASCALIENTES,UNIVERSIDAD AUTONOMA DE AGUASCALIENTES,138,72,64.704,2012
BAJA CALIFORNIA,CENTRO DE ESTUDIOS UNIVERSITARIOS XOCHICALCO UNIDAD ENSENADA,173,33,58.361,2012
BAJA CALIFORNIA,CENTRO DE ESTUDIOS UNIVERSITARIOS XOCHICALCO UNIDAD TIJUANA,95,21,58.624,2012
BAJA CALIFORNIA,UNIVERSIDAD AUTONOMA DE BAJA CALIFORNIA UNIDAD MEXICALI,178,91,65.238,2012
BAJA CALIFORNIA,UNIVERSIDAD AUTONOMA DE BAJA CALIFORNIA UNIDAD TIJUANA,169,87,64.567,2012
CAMPECHE,UNIVERSIDAD AUTONOMA DE CAMPECHE,180,35,59.194,2012
CHIAPAS,INSTITUTO DE ESTUDIOS SUPERIORES DE CHIAPAS,19,2,54.655,2012
CHIAPAS,INSTITUTO DE ESTUDIOS SUPERIORES DE CHIAPAS UNIDAD TAPACHULA,53,9,55.606,2012
CHIAPAS,INSTITUTO DE ESTUDIOS SUPERIORES DE CHIAPAS UNIDAD TUXTLA GUTIERREZ,157,15,54.352,2012
CHIAPAS,UNIVIVERSIDAD AUTONOMA DE CHIAPAS,381,104,60.601,2012
CHIHUAHUA,UNIVERSIDAD AUTONOMA DE CIUDAD JUAREZ,342,71,57.46,2012
CHIHUAHUA,UNIVERSIDAD AUTONOMA DE CHIHUAHUA,323,185,67.033,2012
COAHUILA,UNIVERSIDAD AUTONOMA DE COAHUILA UNIDAD SALTILLO,86,41,65.633,2012
COAHUILA,UNIVERSIDAD AUTONOMA DE COAHUILA UNIDAD TORREON,150,44,60.615,2012
COLIMA,UNIVERSIDAD AUTONOMA DE COLIMA,178,54,60.531,2012
CIUDAD DE MEXICO,ESCUELA LIBRE DE HOMEOPATIA DE MEXICO,13,0,53.265,2012
CIUDAD DE MEXICO,ESCUELA MEDICO MILITAR SEDENA,3,1,61.851,2012
CIUDAD DE MEXICO,INSTITUTO POLITECNICO NACIONAL CENTRO INTERDISCIPLINARIO DE CIENCIAS DE LA SALUD,276,38,55.63,2012
CIUDAD DE MEXICO,INSTITUTO POLITECNICO NACIONAL ESCUELA SUPERIOR DE MEDICINA,710,189,60.081,2012
CIUDAD DE MEXICO,INSTITUTO POLITECNICO NACIONAL ESCUELA NACIONAL DE MEDICINA Y HOMEOPATIA,408,58,55.44,2012
CIUDAD DE MEXICO,UNAM FES ZARAGOZA,356,100,59.096,2012
CIUDAD DE MEXICO,UNAM FM CU,1483,582,63.547,2012
CIUDAD DE MEXICO,UNIVERSIDAD AUTONOMA METROPOLITANA  UNIDAD XOCHIMILCO,335,79,58.776,2012
CIUDAD DE MEXICO,UNIVERSIDAD JUSTO SIERRA,210,27,57.299,2012
CIUDAD DE MEXICO,UNIVERSIDAD LA SALLE,256,134,67.564,2012
CIUDAD DE MEXICO,UNIVERSIDAD PANAMERICANA,46,28,69.072,2012
CIUDAD DE MEXICO,UNIVERSIDAD WEST HILL INSTITUTE,147,21,57.485,2012
DURANGO,UNIVERSIDAD JUAREZ DEL ESTADO DE DURANGO UNIDAD DURANGO,272,58,57.255,2012
DURANGO,UNIVERSIDAD JUAREZ DEL ESTADO DE DURANGO UNIDAD GOMEZ PALACIO,184,56,59.588,2012
ESTADO DE MEXICO,ESCUELA MEDICINA TOMINAGA NAKAMOTO,150,17,55.238,2012
ESTADO DE MEXICO,UNAM FES IZTACALA,1189,285,58.841,2012
ESTADO DE MEXICO,UNIVERSIDAD ANAHUAC,340,95,62.98,2012
ESTADO DE MEXICO,UNIVERSIDAD AUTONOMA DEL ESTADO DE MEXICO,240,65,62.183,2012
GUANAJUATO,UNIVERSIDAD DE GUANAJUATO,177,80,65.481,2012
GUANAJUATO,UNIVERSIDAD QUETZALCOATL,126,25,57.841,2012
GUERRERO,UNIVERSIDAD AUTONOMA DE GUERRERO,510,103,56.028,2012
HIDALGO,UNIVERSIDAD AUTONOMA DEL ESTADO DE HIDALGO,513,131,59.304,2012
JALISCO,UNIVERSIDAD AUTONOMA DE GUADALAJARA,1145,325,60.555,2012
JALISCO,UNIVERSIDAD DE GUADALAJARA,1534,579,62.377,2012
JALISCO,UNIVERSIDAD DE GUADALAJARA UNIDAD CIUDAD GUZMAN,154,56,61.688,2012
JALISCO,UNIVERSIDAD DE GUADALAJARA UNIDAD LOS ALTOS,71,30,62.069,2012
MICHOACAN,UNIVERSIDAD MICHOACANA DE SAN NICOLAS DE HIDALGO UNIDAD MORELIA,1888,348,56.288,2012
MICHOACAN,UNIVERSIDAD MICHOACANA DE SAN NICOLAS DE HIDALGO UNIDAD ZAMORA,72,24,59.781,2012
MORELOS,UNIVERSIDAD AUTONOMA DEL ESTADO DE MORELOS,189,56,61.552,2012
MORELOS,UNIVERSIDAD LATINOAMERICANA,105,29,57.361,2012
NAYARIT,INSTITUTO DE ESTUDIOS TECNOLOGICOS Y SUPERIORES DE MATATIPAC,1,0,41.334,2012
NAYARIT,UNIVERSIDAD AUTONOMA DE NAYARIT,342,93,59.122,2012
NUEVO LEON,INSTITUTO TECNOLOGICO Y ESTUDIOS SUPERIORES DE MONTERREY,151,79,68.603,2012
NUEVO LEON,UNIVERSIDAD AUTONOMA DE NUEVO LEON,1096,388,62.655,2012
NUEVO LEON,UNIVERSIDAD DE MONTERREY,160,54,63.425,2012
NUEVO LEON,UNIVERSIDAD MONTEMORELOS,73,14,59.294,2012
OAXACA,UNIVERSIDAD AUTONOMA BENITO JUAREZ DE OAXACA,861,171,56.612,2012
OAXACA,UNIVERSIDAD REGIONAL DEL SURESTE,255,41,55.982,2012
PUEBLA,BENEMERITA UNIVERSIDAD AUTONOMA DE PUEBLA,1256,278,57.673,2012
PUEBLA,BENEMERITA UNIVERSIDAD AUTONOMA DE PUEBLA UNIDAD TEHUACAN,65,15,57.672,2012
PUEBLA,INSTITUTO DE ESTUDIOS SUPERIORES DE TEPEACA,12,0,51.87,2012
PUEBLA,UNIVERSIDAD POPULAR AUTONOMA DEL ESTADO DE PUEBLA,604,146,59.37,2012
QUERETARO,UNIVERSIDAD AUTONOMA DE QUERETARO,66,39,69.037,2012
QUERETARO,UNIVERSIDAD DEL VALLE DE MEXICO UNIDAD QUERETARO,132,39,61.705,2012
SAN LUIS POTOSI,UNIVERSIDAD AUTONOMA DE SAN LUIS POTOSI,127,76,67.489,2012
SINALOA,UNIVERSIDAD AUTONOMA DE SINALOA,903,230,57.439,2012
SONORA,UNIVERSIDAD DE SONORA,127,58,64.665,2012
TABASCO,UNIVERSIDAD JUAREZ AUTONOMA DE TABASCO,443,69,54.649,2012
TAMAULIPAS,INSTITUTO DE CIENCIAS Y ESTUDIOS SUPERIORES DE TAMAULIPAS,7,1,56,2012
TAMAULIPAS,UNIVERSIDAD AUTONOMA DE TAMAULIPAS UNIDAD TAMPICO,205,63,58.875,2012
TAMAULIPAS,UNIVERSIDAD AUTONOMA DE TAMAULIPAS UNIDAD MATAMOROS,205,36,55.092,2012
TAMAULIPAS,UNIVERSIDAD DEL NORESTE,270,47,55.926,2012
TAMAULIPAS,UNIVERSIDAD MEXICO AMERICANA DEL NORTE,38,3,52.45,2012
TAMAULIPAS,UNIVERSIDAD VALLE DEL BRAVO UNIDAD CIUDAD VICTORIA,131,19,55.014,2012
TAMAULIPAS,UNIVERSIDAD VALLE DEL BRAVO UNIDAD REYNOSA,42,3,56.609,2012
TLAXCALA,UNIVERSIDAD AUTONOMA DE TLAXCALA,310,52,56.014,2012
VERACRUZ,UNIVERSIDAD AUTONOMA DE VERACRUZ VILLA RICA,164,34,58.384,2012
VERACRUZ,UNIVERSIDAD CRISTOBAL COLON UNIDAD VERACRUZ,37,1,52.997,2012
VERACRUZ,UNIVERSIDAD VERACRUZANA UNIDAD CIUDAD MENDOZA,203,31,55.388,2012
VERACRUZ,UNIVERSIDAD VERACRUZANA UNIDAD MINATITLAN,78,30,61.08,2012
VERACRUZ,UNIVERSIDAD VERACRUZANA UNIDAD JALAPA,237,74,59.616,2012
VERACRUZ,UNIVERSIDAD VERACRUZANA UNIDAD POZA RICA,85,14,56.81,2012
VERACRUZ,UNIVERSIDAD VERACRUZANA UNIDAD VERACRUZ,235,58,58.806,2012
YUCATAN,UNIVERSIDAD AUTONOMA DE YUCATAN,180,78,64.065,2012
YUCATAN,UNIVERSIDAD DEL MAYAB,110,28,60.905,2012
ZACATECAS,UNIVERSIDAD AUTONOMA DE ZACATECAS,377,110,60.345,2012
NONE,ESTUDIOS EN EL EXTRANJERO,52,9,57.825,2012
AGUASCALIENTES,UNIVERSIDAD AUTONOMA DE AGUASCALIENTES,150,62,63.855,2013
AGUASCALIENTES,UNIVERSIDAD CUAHUTEMOC,7,0,57.746,2013
BAJA CALIFORNIA,CENTRO DE ESTUDIOS UNIVERSITARIOS XOCHICALCO UNIDAD ENSENADA,110,26,60.657,2013
BAJA CALIFORNIA,CENTRO DE ESTUDIOS UNIVERSITARIOS XOCHICALCO UNIDAD TIJUANA,81,13,60.068,2013
BAJA CALIFORNIA,UNIVERSIDAD AUTONOMA DE BAJA CALIFORNIA UNIDAD ENSENADA,18,4,61.062,2013
BAJA CALIFORNIA,UNIVERSIDAD AUTONOMA DE BAJA CALIFORNIA UNIDAD MEXICALI,144,61,65.105,2013
BAJA CALIFORNIA,UNIVERSIDAD AUTONOMA DE BAJA CALIFORNIA UNIDAD TIJUANA,127,50,64.32,2013
CAMPECHE,UNIVERSIDAD AUTONOMA DE CAMPECHE,178,28,58.916,2013
CHIAPAS,INSTITUTO DE ESTUDIOS SUPERIORES DE CHIAPAS,19,3,56.55,2013
CHIAPAS,INSTITUTO DE ESTUDIOS SUPERIORES DE CHIAPAS UNIDAD TAPACHULA,44,7,55.667,2013
CHIAPAS,INSTITUTO DE ESTUDIOS SUPERIORES DE CHIAPAS UNIDAD TUXTLA GUTIERREZ,204,20,54.647,2013
CHIAPAS,UNIVIVERSIDAD AUTONOMA DE CHIAPAS,366,90,60.872,2013
CHIHUAHUA,UNIVERSIDAD AUTONOMA DE CIUDAD JUAREZ,266,72,59.4,2013
CHIHUAHUA,UNIVERSIDAD AUTONOMA DE CHIHUAHUA,221,110,66.338,2013
COAHUILA,UNIVERSIDAD AUTONOMA DE COAHUILA UNIDAD SALTILLO,72,32,67.5,2013
COAHUILA,UNIVERSIDAD AUTONOMA DE COAHUILA UNIDAD TORREON,147,44,61.761,2013
COLIMA,UNIVERSIDAD AUTONOMA DE COLIMA,186,68,61.563,2013
CIUDAD DE MEXICO,ESCUELA LIBRE DE HOMEOPATIA DE MEXICO,16,1,52.333,2013
CIUDAD DE MEXICO,INSTITUTO POLITECNICO NACIONAL CENTRO INTERDISCIPLINARIO DE CIENCIAS DE LA SALUD,286,50,57.018,2013
CIUDAD DE MEXICO,INSTITUTO POLITECNICO NACIONAL ESCUELA SUPERIOR DE MEDICINA,754,201,60.689,2013
CIUDAD DE MEXICO,INSTITUTO POLITECNICO NACIONAL ESCUELA NACIONAL DE MEDICINA Y HOMEOPATIA,428,71,56.983,2013
CIUDAD DE MEXICO,UNAM FES ZARAGOZA,346,91,59.85,2013
CIUDAD DE MEXICO,UNAM FM CU,1456,619,64.469,2013
CIUDAD DE MEXICO,UNIVERSIDAD AUTONOMA METROPOLITANA  UNIDAD XOCHIMILCO,304,62,59.531,2013
CIUDAD DE MEXICO,UNIVERSIDAD JUSTO SIERRA,187,31,57.525,2013
CIUDAD DE MEXICO,UNIVERSIDAD LA SALLE,288,134,66.196,2013
CIUDAD DE MEXICO,UNIVERSIDAD PANAMERICANA,39,32,73.527,2013
CIUDAD DE MEXICO,UNIVERSIDAD WEST HILL INSTITUTE,120,22,60.215,2013
DURANGO,UNIVERSIDAD AUTONOMA ESPA GN A DE DURANGO,1,0,58.667,2013
DURANGO,UNIVERSIDAD JUAREZ DEL ESTADO DE DURANGO UNIDAD DURANGO,268,60,58.609,2013
DURANGO,UNIVERSIDAD JUAREZ DEL ESTADO DE DURANGO UNIDAD GOMEZ PALACIO,151,54,60.309,2013
ESTADO DE MEXICO,ESCUELA MEDICINA TOMINAGA NAKAMOTO,147,12,55.876,2013
ESTADO DE MEXICO,UNAM FES IZTACALA,1193,272,59.308,2013
ESTADO DE MEXICO,UNIVERSIDAD ANAHUAC,351,130,64.743,2013
ESTADO DE MEXICO,UNIVERSIDAD AUTONOMA DEL ESTADO DE MEXICO,234,77,63.74,2013
GUANAJUATO,UNIVERSIDAD DE CELAYA,18,5,61.556,2013
GUANAJUATO,UNIVERSIDAD DE GUANAJUATO,161,71,65.753,2013
GUANAJUATO,UNIVERSIDAD QUETZALCOATL,148,25,57.381,2013
GUERRERO,UNIVERSIDAD AUTONOMA DE GUERRERO,457,79,56.922,2013
HIDALGO,UNIVERSIDAD AUTONOMA DEL ESTADO DE HIDALGO,516,143,60.541,2013
JALISCO,UNIVERSIDAD AUTONOMA DE GUADALAJARA,1105,332,61.493,2013
JALISCO,UNIVERSIDAD DE GUADALAJARA,1551,568,62.638,2013
JALISCO,UNIVERSIDAD DE GUADALAJARA UNIDAD CIUDAD GUZMAN,159,46,61.43,2013
JALISCO,UNIVERSIDAD DE GUADALAJARA UNIDAD LOS ALTOS,81,25,60.387,2013
MICHOACAN,UNIVERSIDAD MICHOACANA DE SAN NICOLAS DE HIDALGO UNIDAD MORELIA,1849,360,56.901,2013
MICHOACAN,UNIVERSIDAD MICHOACANA DE SAN NICOLAS DE HIDALGO UNIDAD ZAMORA,82,32,61.659,2013
MORELOS,UNIVERSIDAD AUTONOMA DEL ESTADO DE MORELOS,193,63,62.344,2013
MORELOS,UNIVERSIDAD LATINOAMERICANA,96,15,56.521,2013
NAYARIT,UNIVERSIDAD AUTONOMA DE NAYARIT,310,89,60.187,2013
NUEVO LEON,INSTITUTO TECNOLOGICO Y ESTUDIOS SUPERIORES DE MONTERREY,185,98,68.37,2013
NUEVO LEON,UNIVERSIDAD AUTONOMA DE NUEVO LEON,959,391,63.68,2013
NUEVO LEON,UNIVERSIDAD DE MONTERREY,180,69,64.052,2013
NUEVO LEON,UNIVERSIDAD MONTEMORELOS,69,20,61.279,2013
OAXACA,UNIVERSIDAD AUTONOMA BENITO JUAREZ DE OAXACA,726,153,57.31,2013
OAXACA,UNIVERSIDAD REGIONAL DEL SURESTE,254,31,55.636,2013
PUEBLA,BENEMERITA UNIVERSIDAD AUTONOMA DE PUEBLA,1263,288,58.137,2013
PUEBLA,BENEMERITA UNIVERSIDAD AUTONOMA DE PUEBLA UNIDAD TEHUACAN,82,16,58.369,2013
PUEBLA,INSTITUTO DE ESTUDIOS SUPERIORES DE TEPEACA,19,2,53.93,2013
PUEBLA,UNIVERSIDAD LAS AMERICAS PUEBLA,14,9,70.159,2013
PUEBLA,UNIVERSIDAD POPULAR AUTONOMA DEL ESTADO DE PUEBLA,636,160,60.761,2013
QUERETARO,UNIVERSIDAD AUTONOMA DE QUERETARO,92,49,68.478,2013
QUERETARO,UNIVERSIDAD DEL VALLE DE MEXICO UNIDAD QUERETARO,136,45,61.714,2013
SAN LUIS POTOSI,UNIVERSIDAD AUTONOMA DE SAN LUIS POTOSI,172,92,67.041,2013
SINALOA,UNIVERSIDAD AUTONOMA DE SINALOA,581,205,61.05,2013
SONORA,UNIVERSIDAD DE SONORA,104,39,65.173,2013
TABASCO,UNIVERSIDAD JUAREZ AUTONOMA DE TABASCO,479,54,54.404,2013
TAMAULIPAS,INSTITUTO DE CIENCIAS Y ESTUDIOS SUPERIORES DE TAMAULIPAS,23,1,53.295,2013
TAMAULIPAS,UNIVERSIDAD AUTONOMA DE TAMAULIPAS UNIDAD TAMPICO,179,62,60.427,2013
TAMAULIPAS,UNIVERSIDAD AUTONOMA DE TAMAULIPAS UNIDAD MATAMOROS,204,34,56.483,2013
TAMAULIPAS,UNIVERSIDAD DEL NORESTE,249,56,57.652,2013
TAMAULIPAS,UNIVERSIDAD MEXICO AMERICANA DEL NORTE,37,5,54.078,2013
TAMAULIPAS,UNIVERSIDAD VALLE DEL BRAVO UNIDAD CIUDAD VICTORIA,116,30,57.157,2013
TAMAULIPAS,UNIVERSIDAD VALLE DEL BRAVO UNIDAD REYNOSA,56,10,56.869,2013
TLAXCALA,UNIVERSIDAD AUTONOMA DE TLAXCALA,293,58,56.664,2013
VERACRUZ,UNIVERSIDAD AUTONOMA DE VERACRUZ VILLA RICA,163,46,59.599,2013
VERACRUZ,UNIVERSIDAD CRISTOBAL COLON UNIDAD VERACRUZ,58,10,56.012,2013
VERACRUZ,UNIVERSIDAD VERACRUZANA UNIDAD CIUDAD MENDOZA,191,30,57.085,2013
VERACRUZ,UNIVERSIDAD VERACRUZANA UNIDAD MINATITLAN,92,36,61.838,2013
VERACRUZ,UNIVERSIDAD VERACRUZANA UNIDAD JALAPA,211,68,60.931,2013
VERACRUZ,UNIVERSIDAD VERACRUZANA UNIDAD POZA RICA,88,18,59.116,2013
VERACRUZ,UNIVERSIDAD VERACRUZANA UNIDAD VERACRUZ,219,69,60.255,2013
YUCATAN,UNIVERSIDAD AUTONOMA DE YUCATAN,208,84,65.041,2013
YUCATAN,UNIVERSIDAD DEL MAYAB,98,25,61.544,2013
ZACATECAS,UNIVERSIDAD AUTONOMA DE ZACATECAS,388,98,60.156,2013
NONE,ESTUDIOS EN EL EXTRANJERO,53,13,60.574,2013
NONE,OTRA,3,3,66.148,2013
AGUASCALIENTES,UNIVERSIDAD AUTONOMA DE AGUASCALIENTES,131,58,40.96,2008
BAJA CALIFORNIA,UNIVERSIDAD AUTONOMA DE BAJA CALIFORNIA UNIDAD MEXICALI,160,83,42.66,2008
BAJA CALIFORNIA,UNIVERSIDAD AUTONOMA DE BAJA CALIFORNIA UNIDAD TIJUANA,121,71,42.25,2008
BAJA CALIFORNIA,CENTRO DE ESTUDIOS UNIVERSITARIOS XOCHICALCO UNIDAD ENSENADA,78,21,37,2008
BAJA CALIFORNIA,CENTRO DE ESTUDIOS UNIVERSITARIOS XOCHICALCO UNIDAD TIJUANA,55,14,35.92,2008
CAMPECHE,UNIVERSIDAD AUTONOMA DE CAMPECHE,93,32,40.34,2008
CHIAPAS,UNIVIVERSIDAD AUTONOMA DE CHIAPAS,435,112,37.8,2008
CHIAPAS,INSTITUTO DE ESTUDIOS SUPERIORES DE CHIAPAS,203,21,34.1,2008
CHIHUAHUA,UNIVERSIDAD AUTONOMA DE CHIHUAHUA,157,95,42.88,2008
CHIHUAHUA,UNIVERSIDAD AUTONOMA DE CIUDAD JUAREZ,242,67,37.31,2008
COAHUILA,UNIVERSIDAD AUTONOMA DE COAHUILA UNIDAD TORREON,137,75,41.21,2008
COAHUILA,UNIVERSIDAD AUTONOMA DE COAHUILA UNIDAD SALTILLO,76,35,39.96,2008
COLIMA,UNIVERSIDAD AUTONOMA DE COLIMA,123,43,38.74,2008
CIUDAD DE MEXICO,UNAM FM CU,1420,663,41.04,2008
CIUDAD DE MEXICO,UNAM FES ZARAGOZA,397,130,38.25,2008
CIUDAD DE MEXICO,UNIVERSIDAD AUTONOMA METROPOLITANA,271,61,37.16,2008
CIUDAD DE MEXICO,UNIVERSIDAD LA SALLE,196,122,44.78,2008
CIUDAD DE MEXICO,INSTITUTO POLITECNICO NACIONAL ESCUELA SUPERIOR DE MEDICINA,780,210,37.76,2008
CIUDAD DE MEXICO,INSTITUTO POLITECNICO NACIONAL CENTRO INTERDISCIPLINARIO DE CIENCIAS DE LA SALUD,234,35,34.04,2008
CIUDAD DE MEXICO,INSTITUTO POLITECNICO NACIONAL ESCUELA NACIONAL DE MEDICINA Y HOMEOPATIA,263,29,34.14,2008
CIUDAD DE MEXICO,ESCUELA LIBRE DE HOMEOPATIA DE MEXICO,5,0,36.45,2008
CIUDAD DE MEXICO,UNIVERSIDAD PANAMERICANA,43,33,46.96,2008
CIUDAD DE MEXICO,UNIVERSIDAD JUSTO SIERRA,160,35,35.97,2008
CIUDAD DE MEXICO,UNIVERSIDAD WEST HILL INSTITUTE,109,27,38.11,2008
DURANGO,UNIVERSIDAD JUAREZ DEL ESTADO DE DURANGO UNIDAD DURANGO,295,67,36.38,2008
DURANGO,UNIVERSIDAD JUAREZ DEL ESTADO DE DURANGO UNIDAD GOMEZ PALACIO,181,47,37.32,2008
GUANAJUATO,UNIVERSIDAD DE GUANAJUATO,154,88,42.94,2008
GUANAJUATO,UNIVERSIDAD QUETZALCOATL,89,14,36.62,2008
GUANAJUATO,UNIVERSIDAD LATINA DE MEXICO UNIDAD CELAYA,,2,35.55,2008
GUERRERO,UNIVERSIDAD AUTONOMA DE GUERRERO,577,69,33.54,2008
HIDALGO,UNIVERSIDAD AUTONOMA DEL ESTADO DE HIDALGO,505,130,37.34,2008
JALISCO,UNIVERSIDAD AUTONOMA DE GUADALAJARA,810,213,38.86,2008
JALISCO,UNIVERSIDAD DE GUADALAJARA,1128,406,39.5,2008
JALISCO,UNIVERSIDAD DE GUADALAJARA UNIDAD CIUDAD GUZMAN,136,38,39.01,2008
JALISCO,UNIVERSIDAD DE GUADALAJARA UNIDAD LOS ALTOS,43,11,37.89,2008
ESTADO DE MEXICO,UNIVERSIDAD AUTONOMA DEL ESTADO DE MEXICO,217,74,40.39,2008
ESTADO DE MEXICO,UNIVERSIDAD ANAHUAC,238,120,42.7,2008
ESTADO DE MEXICO,UNAM FES IZTACALA,1047,287,37.57,2008
ESTADO DE MEXICO,ESCUELA MEDICINA TOMINAGA NAKAMOTO,42,4,36.02,2008
MICHOACAN,UNIVERSIDAD MICHOACANA DE SAN NICOLAS DE HIDALGO,1740,276,35.49,2008
MICHOACAN,UNIVERSIDAD MICHOACANA DE SAN NICOLAS DE HIDALGO UNIDAD ZAMORA,55,10,37.45,2008
MORELOS,UNIVERSIDAD AUTONOMA DEL ESTADO DE MORELOS,174,59,38.48,2008
NAYARIT,UNIVERSIDAD AUTONOMA DE NAYARIT,281,75,36.6,2008
NAYARIT,INSTITUTO DE ESTUDIOS TECNOLOGICOS Y SUPERIORES DE MATATIPAC,6,1,33.04,2008
NUEVO LEON,INSTITUTO TECNOLOGICO Y ESTUDIOS SUPERIORES DE MONTERREY,68,50,45.47,2008
NUEVO LEON,UNIVERSIDAD AUTONOMA DE NUEVO LEON,690,344,40.73,2008
NUEVO LEON,UNIVERSIDAD DE MONTERREY,133,66,41.09,2008
NUEVO LEON,UNIVERSIDAD MONTEMORELOS,34,8,37.87,2008
OAXACA,UNIVERSIDAD AUTONOMA BENITO JUAREZ DE OAXACA,966,214,36.58,2008
OAXACA,UNIVERSIDAD REGIONAL DEL SURESTE,111,23,36.13,2008
PUEBLA,BENEMERITA UNIVERSIDAD AUTONOMA DE PUEBLA,1003,245,36.17,2008
PUEBLA,BENEMERITA UNIVERSIDAD AUTONOMA DE PUEBLA UNIDAD TEHUACAN,17,5,38.82,2008
PUEBLA,UNIVERSIDAD POPULAR AUTONOMA DEL ESTADO DE PUEBLA,397,83,37.05,2008
PUEBLA,INSTITUTO DE ESTUDIOS SUPERIORES DE TEPEACA,5,0,33.93,2008
QUERETARO,UNIVERSIDAD AUTONOMA DE QUERETARO,75,47,43.79,2008
QUERETARO,UNIVERSIDAD DEL VALLE DE MEXICO UNIDAD QUERETARO,122,26,37.51,2008
SAN LUIS POTOSI,UNIVERSIDAD AUTONOMA DE SAN LUIS POTOSI,135,89,43.81,2008
SINALOA,UNIVERSIDAD AUTONOMA DE SINALOA,954,224,35.97,2008
SONORA,UNIVERSIDAD DE SONORA,96,36,40.84,2008
TABASCO,UNIVERSIDAD JUAREZ AUTONOMA DE TABASCO,315,41,35.25,2008
TAMAULIPAS,UNIVERSIDAD DEL NORESTE,256,59,34.87,2008
TAMAULIPAS,UNIVERSIDAD AUTONOMA DE TAMAULIPAS UNIDAD TAMPICO,202,72,38.55,2008
TAMAULIPAS,UNIVERSIDAD AUTONOMA DE TAMAULIPAS UNIDAD MATAMOROS,130,23,34.61,2008
TAMAULIPAS,UNIVERSIDAD VALLE DEL BRAVO UNIDAD REYNOSA,22,5,34.53,2008
TAMAULIPAS,UNIVERSIDAD VALLE DEL BRAVO UNIDAD CIUDAD VICTORIA,86,21,35.27,2008
TAMAULIPAS,UNIVERSIDAD MEXICO AMERICANA DEL NORTE,26,5,33.79,2008
TLAXCALA,UNIVERSIDAD AUTONOMA DE TLAXCALA,317,43,35.13,2008
VERACRUZ,UNIVERSIDAD VERACRUZANA UNIDAD JALAPA,277,75,37.47,2008
VERACRUZ,UNIVERSIDAD VERACRUZANA UNIDAD POZA RICA,101,25,36.6,2008
VERACRUZ,UNIVERSIDAD VERACRUZANA UNIDAD MINATITLAN,102,29,38.49,2008
VERACRUZ,UNIVERSIDAD VERACRUZANA UNIDAD VERACRUZ,244,66,36.75,2008
VERACRUZ,UNIVERSIDAD VERACRUZANA UNIDAD CIUDAD MENDOZA,205,34,35.73,2008
VERACRUZ,UNIVERSIDAD AUTONOMA DE VERACRUZ VILLA RICA,157,38,37.56,2008
YUCATAN,UNIVERSIDAD AUTONOMA DE YUCATAN,166,83,41.34,2008
YUCATAN,UNIVERSIDAD DEL MAYAB,68,22,40.35,2008
ZACATECAS,UNIVERSIDAD AUTONOMA DE ZACATECAS,299,78,38.53,2008
AGUASCALIENTES,UNIVERSIDAD AUTONOMA DE AGUASCALIENTES,183,81,47.48,2007
BAJA CALIFORNIA,UNIVERSIDAD AUTONOMA DE BAJA CALIFORNIA UNIDAD MEXICALI,161,56,47.55,2007
BAJA CALIFORNIA,UNIVERSIDAD AUTONOMA DE BAJA CALIFORNIA UNIDAD TIJUANA,184,76,48.22,2007
BAJA CALIFORNIA,CENTRO DE ESTUDIOS UNIVERSITARIOS XOCHICALCO UNIDAD ENSENADA,83,20,41.79,2007
BAJA CALIFORNIA,CENTRO DE ESTUDIOS UNIVERSITARIOS XOCHICALCO UNIDAD TIJUANA,66,13,41.9,2007
CAMPECHE,UNIVERSIDAD AUTONOMA DE CAMPECHE,97,37,46.2,2007
CHIAPAS,UNIVIVERSIDAD AUTONOMA DE CHIAPAS,438,83,43.74,2007
CHIAPAS,INSTITUTO DE ESTUDIOS SUPERIORES DE CHIAPAS,227,21,39.34,2007
CHIHUAHUA,UNIVERSIDAD AUTONOMA DE CHIHUAHUA,155,64,48.78,2007
CHIHUAHUA,UNIVERSIDAD AUTONOMA DE CIUDAD JUAREZ,285,84,43.21,2007
COAHUILA,UNIVERSIDAD AUTONOMA DE COAHUILA UNIDAD TORREON,159,64,45.99,2007
COAHUILA,UNIVERSIDAD AUTONOMA DE COAHUILA UNIDAD SALTILLO,132,48,46.72,2007
COLIMA,UNIVERSIDAD AUTONOMA DE COLIMA,160,58,46.02,2007
CIUDAD DE MEXICO,UNAM FM CU,1843,820,48,2007
CIUDAD DE MEXICO,UNAM FES ZARAGOZA,479,139,43.82,2007
CIUDAD DE MEXICO,UNIVERSIDAD AUTONOMA METROPOLITANA,331,81,43.79,2007
CIUDAD DE MEXICO,UNIVERSIDAD LA SALLE,270,162,53.56,2007
CIUDAD DE MEXICO,INSTITUTO POLITECNICO NACIONAL ESCUELA SUPERIOR DE MEDICINA,966,239,43.49,2007
CIUDAD DE MEXICO,INSTITUTO POLITECNICO NACIONAL CENTRO INTERDISCIPLINARIO DE CIENCIAS DE LA SALUD,253,31,39.29,2007
CIUDAD DE MEXICO,INSTITUTO POLITECNICO NACIONAL ESCUELA NACIONAL DE MEDICINA Y HOMEOPATIA,286,30,39.75,2007
CIUDAD DE MEXICO,ESCUELA LIBRE DE HOMEOPATIA DE MEXICO,3,0,48.85,2007
CIUDAD DE MEXICO,UNIVERSIDAD PANAMERICANA,64,43,56.49,2007
CIUDAD DE MEXICO,UNIVERSIDAD JUSTO SIERRA,162,28,42.98,2007
CIUDAD DE MEXICO,UNIVERSIDAD WEST HILL INSTITUTE,106,34,46.67,2007
DURANGO,UNIVERSIDAD JUAREZ DEL ESTADO DE DURANGO UNIDAD DURANGO,372,96,41.94,2007
DURANGO,UNIVERSIDAD JUAREZ DEL ESTADO DE DURANGO UNIDAD GOMEZ PALACIO,199,47,41.98,2007
GUANAJUATO,UNIVERSIDAD DE GUANAJUATO,162,85,50.4,2007
GUANAJUATO,UNIVERSIDAD QUETZALCOATL,95,18,43.63,2007
GUERRERO,UNIVERSIDAD AUTONOMA DE GUERRERO,702,77,38.82,2007
HIDALGO,UNIVERSIDAD AUTONOMA DEL ESTADO DE HIDALGO,630,151,43.02,2007
JALISCO,UNIVERSIDAD AUTONOMA DE GUADALAJARA,920,250,45.29,2007
JALISCO,UNIVERSIDAD DE GUADALAJARA,1199,409,46.3,2007
JALISCO,UNIVERSIDAD DE GUADALAJARA UNIDAD CIUDAD GUZMAN,154,58,46.38,2007
JALISCO,UNIVERSIDAD DE GUADALAJARA UNIDAD LOS ALTOS,16,2,39.98,2007
ESTADO DE MEXICO,UNIVERSIDAD AUTONOMA DEL ESTADO DE MEXICO,254,71,46.35,2007
ESTADO DE MEXICO,UNIVERSIDAD ANAHUAC,286,125,49.74,2007
ESTADO DE MEXICO,UNAM FES IZTACALA,1345,313,43.73,2007
ESTADO DE MEXICO,ESCUELA MEDICINA TOMINAGA NAKAMOTO,41,5,42.09,2007
MICHOACAN,UNIVERSIDAD MICHOACANA DE SAN NICOLAS DE HIDALGO,1914,344,41.29,2007
MICHOACAN,UNIVERSIDAD MICHOACANA DE SAN NICOLAS DE HIDALGO UNIDAD ZAMORA,54,6,41.81,2007
MORELOS,UNIVERSIDAD AUTONOMA DEL ESTADO DE MORELOS,220,69,45.02,2007
NAYARIT,UNIVERSIDAD AUTONOMA DE NAYARIT,325,99,42.4,2007
NUEVO LEON,INSTITUTO TECNOLOGICO Y ESTUDIOS SUPERIORES DE MONTERREY,63,45,55.5,2007
NUEVO LEON,UNIVERSIDAD AUTONOMA DE NUEVO LEON,747,383,48.54,2007
NUEVO LEON,UNIVERSIDAD DE MONTERREY,145,58,48.58,2007
NUEVO LEON,UNIVERSIDAD MONTEMORELOS,40,9,42.58,2007
OAXACA,UNIVERSIDAD AUTONOMA BENITO JUAREZ DE OAXACA,1248,244,42.06,2007
OAXACA,UNIVERSIDAD REGIONAL DEL SURESTE,128,30,42.35,2007
PUEBLA,BENEMERITA UNIVERSIDAD AUTONOMA DE PUEBLA,1344,233,41.02,2007
PUEBLA,BENEMERITA UNIVERSIDAD AUTONOMA DE PUEBLA UNIDAD TEHUACAN,12,1,43.72,2007
PUEBLA,UNIVERSIDAD POPULAR AUTONOMA DEL ESTADO DE PUEBLA,394,73,42.53,2007
PUEBLA,INSTITUTO DE ESTUDIOS SUPERIORES DE TEPEACA,9,0,38.28,2007
QUERETARO,UNIVERSIDAD AUTONOMA DE QUERETARO,100,56,43.63,2007
QUERETARO,UNIVERSIDAD DEL VALLE DE MEXICO UNIDAD QUERETARO,103,23,43.39,2007
SAN LUIS POTOSI,UNIVERSIDAD AUTONOMA DE SAN LUIS POTOSI,129,91,54.06,2007
SINALOA,UNIVERSIDAD AUTONOMA DE SINALOA,1140,287,41.91,2007
SONORA,UNIVERSIDAD DE SONORA,86,40,48.62,2007
TABASCO,UNIVERSIDAD JUAREZ AUTONOMA DE TABASCO,332,51,41.45,2007
TAMAULIPAS,UNIVERSIDAD DEL NORESTE,313,43,39,2007
TAMAULIPAS,UNIVERSIDAD AUTONOMA DE TAMAULIPAS UNIDAD TAMPICO,248,73,44.3,2007
TAMAULIPAS,UNIVERSIDAD AUTONOMA DE TAMAULIPAS UNIDAD MATAMOROS,151,18,39.88,2007
TAMAULIPAS,UNIVERSIDAD VALLE DEL BRAVO UNIDAD REYNOSA,28,9,41.75,2007
TAMAULIPAS,UNIVERSIDAD VALLE DEL BRAVO UNIDAD CIUDAD VICTORIA,89,14,39.48,2007
TAMAULIPAS,UNIVERSIDAD MEXICO AMERICANA DEL NORTE,28,3,39.57,2007
TLAXCALA,UNIVERSIDAD AUTONOMA DE TLAXCALA,269,43,41.11,2007
VERACRUZ,UNIVERSIDAD VERACRUZANA UNIDAD JALAPA,305,76,42.88,2007
VERACRUZ,UNIVERSIDAD VERACRUZANA UNIDAD POZA RICA,98,17,41.81,2007
VERACRUZ,UNIVERSIDAD VERACRUZANA UNIDAD MINATITLAN,137,22,42.58,2007
VERACRUZ,UNIVERSIDAD VERACRUZANA UNIDAD VERACRUZ,286,70,43.03,2007
VERACRUZ,UNIVERSIDAD VERACRUZANA UNIDAD CIUDAD MENDOZA,207,32,41.33,2007
VERACRUZ,UNIVERSIDAD AUTONOMA DE VERACRUZ VILLA RICA,166,29,43.31,2007
YUCATAN,UNIVERSIDAD AUTONOMA DE YUCATAN,233,112,48.36,2007
YUCATAN,UNIVERSIDAD DEL MAYAB,57,13,46.08,2007
ZACATECAS,UNIVERSIDAD AUTONOMA DE ZACATECAS,343,94,43.88,2007
AGUASCALIENTES,UNIVERSIDAD AUTONOMA DE AGUASCALIENTES,181,51,48.7,2006
BAJA CALIFORNIA,CENTRO DE ESTUDIOS UNIVERSITARIOS XOCHICALCO UNIDAD ENSENADA,57,5,38.9,2006
BAJA CALIFORNIA,CENTRO DE ESTUDIOS UNIVERSITARIOS XOCHICALCO UNIDAD TIJUANA,52,7,39.2,2006
BAJA CALIFORNIA,UNIVERSIDAD AUTONOMA DE BAJA CALIFORNIA UNIDAD MEXICALI,178,71,54.35,2006
BAJA CALIFORNIA,UNIVERSIDAD AUTONOMA DE BAJA CALIFORNIA UNIDAD TIJUANA,182,59,51.28,2006
CAMPECHE,UNIVERSIDAD AUTONOMA DE CAMPECHE,77,19,49.2,2006
COAHUILA,UNIVERSIDAD AUTONOMA DE COAHUILA UNIDAD SALTILLO,106,30,52.73,2006
COAHUILA,UNIVERSIDAD AUTONOMA DE COAHUILA UNIDAD TORREON,157,58,53.9,2006
COLIMA,UNIVERSIDAD AUTONOMA DE COLIMA,139,30,45.6,2006
CHIAPAS,INSTITUTO DE ESTUDIOS SUPERIORES DE CHIAPAS,204,20,43.75,2006
CHIAPAS,UNIVIVERSIDAD AUTONOMA DE CHIAPAS,487,131,52.1,2006
CHIHUAHUA,UNIVERSIDAD AUTONOMA DE CHIHUAHUA,158,63,54.13,2006
CHIHUAHUA,UNIVERSIDAD AUTONOMA DE CIUDAD JUAREZ,209,27,43.2,2006
CIUDAD DE MEXICO,INSTITUTO POLITECNICO NACIONAL CENTRO INTERDISCIPLINARIO DE CIENCIAS DE LA SALUD,270,37,38.33,2006
CIUDAD DE MEXICO,INSTITUTO POLITECNICO NACIONAL ESCUELA NACIONAL DE MEDICINA Y HOMEOPATIA,316,28,38.8,2006
CIUDAD DE MEXICO,INSTITUTO POLITECNICO NACIONAL ESCUELA SUPERIOR DE MEDICINA,968,208,47.48,2006
CIUDAD DE MEXICO,UNIVERSIDAD AUTONOMA METROPOLITANA  UNIDAD XOCHIMILCO,320,41,43.13,2006
CIUDAD DE MEXICO,UNIVERSIDAD JUSTO SIERRA,123,27,47.35,2006
CIUDAD DE MEXICO,UNIVERSIDAD LA SALLE,254,131,60.7,2006
CIUDAD DE MEXICO,UNAM FM CU,1872,521,48.75,2006
CIUDAD DE MEXICO,UNAM FES ZARAGOZA,445,104,44.8,2006
CIUDAD DE MEXICO,UNIVERSIDAD PANAMERICANA,54,33,61.7,2006
CIUDAD DE MEXICO,UNIVERSIDAD WEST HILL INSTITUTE,63,13,50.65,2006
DURANGO,UNIVERSIDAD JUAREZ DEL ESTADO DE DURANGO UNIDAD DURANGO,309,77,48.35,2006
DURANGO,UNIVERSIDAD JUAREZ DEL ESTADO DE DURANGO UNIDAD GOMEZ PALACIO,208,78,50.83,2006
GUANAJUATO,UNIVERSIDAD DE GUANAJUATO,163,87,59.55,2006
GUANAJUATO,UNIVERSIDAD QUETZALCOATL,55,11,47.15,2006
GUERRERO,UNIVERSIDAD AUTONOMA DE GUERRERO,628,123,44.88,2006
HIDALGO,UNIVERSIDAD AUTONOMA DEL ESTADO DE HIDALGO,624,87,45.7,2006
JALISCO,UNIVERSIDAD AUTONOMA DE GUADALAJARA,932,245,51.8,2006
JALISCO,UNIVERSIDAD DE GUADALAJARA,1192,363,49.9,2006
JALISCO,UNIVERSIDAD DE GUADALAJARA UNIDAD CIUDAD GUZMAN,135,41,47,2006
ESTADO DE MEXICO,ESCUELA MEDICINA TOMINAGA NAKAMOTO,22,1,41.5,2006
ESTADO DE MEXICO,UNIVERSIDAD ANAHUAC,271,107,56.7,2006
ESTADO DE MEXICO,UNIVERSIDAD AUTONOMA DEL ESTADO DE MEXICO,277,99,55.55,2006
ESTADO DE MEXICO,UNAM FES IZTACALA,1271,236,43.9,2006
MICHOACAN,UNIVERSIDAD MICHOACANA DE SAN NICOLAS DE HIDALGO,1709,315,44,2006
MORELOS,UNIVERSIDAD AUTONOMA DEL ESTADO DE MORELOS,207,59,51.6,2006
NAYARIT,INSTITUTO DE ESTUDIOS TECNOLOGICOS Y SUPERIORES DE MATATIPAC,1,0,42.75,2006
NAYARIT,UNIVERSIDAD AUTONOMA DE NAYARIT,309,78,48.05,2006
NUEVO LEON,INSTITUTO TECNOLOGICO Y ESTUDIOS SUPERIORES DE MONTERREY,32,19,62.08,2006
NUEVO LEON,UNIVERSIDAD AUTONOMA DE NUEVO LEON,664,240,52.38,2006
NUEVO LEON,UNIVERSIDAD MONTEMORELOS,56,8,46.78,2006
NUEVO LEON,UNIVERSIDAD DE MONTERREY,121,27,53.1,2006
OAXACA,UNIVERSIDAD AUTONOMA BENITO JUAREZ DE OAXACA,914,179,44.65,2006
OAXACA,UNIVERSIDAD REGIONAL DEL SURESTE,94,14,44,2006
PUEBLA,BENEMERITA UNIVERSIDAD AUTONOMA DE PUEBLA,1290,210,45.15,2006
PUEBLA,BENEMERITA UNIVERSIDAD AUTONOMA DE PUEBLA UNIDAD TEHUACAN,2,0,45.33,2006
PUEBLA,INSTITUTO DE ESTUDIOS SUPERIORES DE TEPEACA,3,0,55.1,2006
PUEBLA,UNIVERSIDAD POPULAR AUTONOMA DEL ESTADO DE PUEBLA,345,58,48,2006
QUERETARO,UNIVERSIDAD AUTONOMA DE QUERETARO,83,40,58.35,2006
QUERETARO,UNIVERSIDAD DEL VALLE DE MEXICO UNIDAD QUERETARO,86,17,42.95,2006
SAN LUIS POTOSI,UNIVERSIDAD AUTONOMA DE SAN LUIS POTOSI,159,109,62.55,2006
SINALOA,UNIVERSIDAD AUTONOMA DE SINALOA,1100,241,44.68,2006
SONORA,UNIVERSIDAD DE SONORA,31,3,48.7,2006
TABASCO,UNIVERSIDAD JUAREZ AUTONOMA DE TABASCO,261,22,37.95,2006
TAMAULIPAS,UNIVERSIDAD AUTONOMA DE TAMAULIPAS UNIDAD MATAMOROS,139,11,38.4,2006
TAMAULIPAS,UNIVERSIDAD AUTONOMA DE TAMAULIPAS UNIDAD TAMPICO,247,77,49.25,2006
TAMAULIPAS,UNIVERSIDAD DEL NORESTE,260,42,39.78,2006
TAMAULIPAS,UNIVERSIDAD MEXICO AMERICANA DEL NORTE,21,1,33.95,2006
TAMAULIPAS,UNIVERSIDAD VALLE DEL BRAVO UNIDAD CIUDAD VICTORIA,68,8,33.25,2006
TAMAULIPAS,UNIVERSIDAD VALLE DEL BRAVO UNIDAD REYNOSA,25,3,39,2006
TLAXCALA,UNIVERSIDAD AUTONOMA DE TLAXCALA,147,14,39.1,2006
VERACRUZ,UNIVERSIDAD VERACRUZANA UNIDAD CIUDAD MENDOZA,197,36,42.35,2006
VERACRUZ,UNIVERSIDAD VERACRUZANA UNIDAD JALAPA,304,63,43.13,2006
VERACRUZ,UNIVERSIDAD VERACRUZANA UNIDAD MINATITLAN,134,25,43.53,2006
VERACRUZ,UNIVERSIDAD VERACRUZANA UNIDAD POZA RICA,93,25,46.83,2006
VERACRUZ,UNIVERSIDAD VERACRUZANA UNIDAD VERACRUZ,282,74,44.7,2006
VERACRUZ,UNIVERSIDAD AUTONOMA DE VERACRUZ VILLA RICA,140,21,44.73,2006
YUCATAN,UNIVERSIDAD AUTONOMA DE YUCATAN,185,74,52.05,2006
YUCATAN,UNIVERSIDAD DEL MAYAB,49,14,51.45,2006
ZACATECAS,UNIVERSIDAD AUTONOMA DE ZACATECAS,301,64,45.15,2006
ZACATECAS,MEDICOS MEXICANOS QUE ESTUDIARON EN EL EXTRANJERO,32,4,36.1,2006
NONE,MEDICOS EXTRANJEROS QUE ESTUDIARON EN MEXICO,35,12,54.1,2006
NONE,MEDICOS EXTRANJEROS QUE ESTUDIARON EN OTRO PAIS,144,45,50.23,2006
AGUASCALIENTES,UNIVERSIDAD AUTONOMA DE AGUASCALIENTES,148,38,45.73,2005
BAJA CALIFORNIA,CENTRO DE ESTUDIOS UNIVERSITARIOS XOCHICALCO UNIDAD ENSENADA,52,3,40.03,2005
BAJA CALIFORNIA,CENTRO DE ESTUDIOS UNIVERSITARIOS XOCHICALCO UNIDAD TIJUANA,45,4,40.5,2005
BAJA CALIFORNIA,UNIVERSIDAD AUTONOMA DE BAJA CALIFORNIA UNIDAD MEXICALI,175,56,49.15,2005
BAJA CALIFORNIA,UNIVERSIDAD AUTONOMA DE BAJA CALIFORNIA UNIDAD TIJUANA,164,41,46.85,2005
CAMPECHE,UNIVERSIDAD AUTONOMA DE CAMPECHE,61,10,44.8,2005
COAHUILA,UNIVERSIDAD AUTONOMA DE COAHUILA UNIDAD SALTILLO,110,30,46.63,2005
COAHUILA,UNIVERSIDAD AUTONOMA DE COAHUILA UNIDAD TORREON,153,44,48.15,2005
COLIMA,UNIVERSIDAD AUTONOMA DE COLIMA,146,49,45.75,2005
CHIAPAS,INSTITUTO DE ESTUDIOS SUPERIORES DE CHIAPAS,165,22,37.35,2005
CHIAPAS,UNIVIVERSIDAD AUTONOMA DE CHIAPAS,459,152,46.75,2005
CHIHUAHUA,UNIVERSIDAD AUTONOMA DE CHIHUAHUA,117,31,49.05,2005
CHIHUAHUA,UNIVERSIDAD AUTONOMA DE CIUDAD JUAREZ,185,32,43,2005
CIUDAD DE MEXICO,ESCUELA LIBRE DE HOMEOPATIA DE MEXICO,2,0,36.9,2005
CIUDAD DE MEXICO,INSTITUTO POLITECNICO NACIONAL CENTRO INTERDISCIPLINARIO DE CIENCIAS DE LA SALUD,308,46,38.15,2005
CIUDAD DE MEXICO,INSTITUTO POLITECNICO NACIONAL ESCUELA NACIONAL DE MEDICINA Y HOMEOPATIA,306,23,38.08,2005
CIUDAD DE MEXICO,INSTITUTO POLITECNICO NACIONAL ESCUELA SUPERIOR DE MEDICINA,858,177,43.35,2005
CIUDAD DE MEXICO,UNIVERSIDAD DEL EJERCITO Y FUERZA AEREA,123,116,49.35,2005
CIUDAD DE MEXICO,ESCUELA MEDICO NAVAL SECRETARIA DE MARINA ARMADA DE MEXICO,28,3,43.15,2005
CIUDAD DE MEXICO,UNIVERSIDAD AUTONOMA METROPOLITANA  UNIDAD XOCHIMILCO,307,46,40.5,2005
CIUDAD DE MEXICO,UNIVERSIDAD JUSTO SIERRA,102,17,41.1,2005
CIUDAD DE MEXICO,UNIVERSIDAD LA SALLE,235,100,54.5,2005
CIUDAD DE MEXICO,UNAM FM CU,1777,503,45.9,2005
CIUDAD DE MEXICO,UNAM FES ZARAGOZA,394,58,41.95,2005
CIUDAD DE MEXICO,UNIVERSIDAD PANAMERICANA,48,21,55.58,2005
CIUDAD DE MEXICO,UNIVERSIDAD WEST HILL INSTITUTE,41,6,44.5,2005
DURANGO,UNIVERSIDAD JUAREZ DEL ESTADO DE DURANGO UNIDAD DURANGO,312,64,44.35,2005
DURANGO,UNIVERSIDAD JUAREZ DEL ESTADO DE DURANGO UNIDAD GOMEZ PALACIO,213,69,45.45,2005
GUANAJUATO,UNIVERSIDAD DE GUANAJUATO,140,61,52.45,2005
GUANAJUATO,UNIVERSIDAD QUETZALCOATL,44,6,41.88,2005
GUERRERO,UNIVERSIDAD AUTONOMA DE GUERRERO,557,88,38.15,2005
HIDALGO,UNIVERSIDAD AUTONOMA DEL ESTADO DE HIDALGO,603,98,41.65,2005
JALISCO,UNIVERSIDAD AUTONOMA DE GUADALAJARA,877,226,46.75,2005
JALISCO,UNIVERSIDAD DE GUADALAJARA,1181,370,46.8,2005
JALISCO,UNIVERSIDAD DE GUADALAJARA UNIDAD CIUDAD GUZMAN,140,43,46.65,2005
ESTADO DE MEXICO,ESCUELA MEDICINA TOMINAGA NAKAMOTO,14,2,38.88,2005
ESTADO DE MEXICO,UNIVERSIDAD ANAHUAC,225,102,53.15,2005
ESTADO DE MEXICO,UNIVERSIDAD AUTONOMA DEL ESTADO DE MEXICO,299,140,52.3,2005
ESTADO DE MEXICO,UNAM FES IZTACALA,1224,230,41.93,2005
MICHOACAN,UNIVERSIDAD MICHOACANA DE SAN NICOLAS DE HIDALGO,1710,300,39.93,2005
MICHOACAN,UNIVERSIDAD MICHOACANA DE SAN NICOLAS DE HIDALGO UNIDAD ZAMORA,16,2,43.43,2005
MORELOS,UNIVERSIDAD AUTONOMA DEL ESTADO DE MORELOS,198,50,45.68,2005
NAYARIT,UNIVERSIDAD AUTONOMA DE NAYARIT,327,76,41.55,2005
NUEVO LEON,INSTITUTO TECNOLOGICO Y ESTUDIOS SUPERIORES DE MONTERREY,33,24,63.45,2005
NUEVO LEON,UNIVERSIDAD AUTONOMA DE NUEVO LEON,628,240,49.58,2005
NUEVO LEON,UNIVERSIDAD MONTEMORELOS,35,7,41.05,2005
NUEVO LEON,UNIVERSIDAD DE MONTERREY,94,38,51.9,2005
OAXACA,UNIVERSIDAD AUTONOMA BENITO JUAREZ DE OAXACA,927,132,40.05,2005
OAXACA,UNIVERSIDAD REGIONAL DEL SURESTE,82,12,41.23,2005
PUEBLA,BENEMERITA UNIVERSIDAD AUTONOMA DE PUEBLA,1280,312,41.1,2005
PUEBLA,INSTITUTO DE ESTUDIOS SUPERIORES DE TEPEACA,2,0,54.48,2005
PUEBLA,UNIVERSIDAD POPULAR AUTONOMA DEL ESTADO DE PUEBLA,369,137,48.95,2005
QUERETARO,UNIVERSIDAD AUTONOMA DE QUERETARO,64,24,51.9,2005
QUERETARO,UNIVERSIDAD DEL VALLE DE MEXICO UNIDAD QUERETARO,64,19,44.33,2005
SAN LUIS POTOSI,UNIVERSIDAD AUTONOMA DE SAN LUIS POTOSI,131,74,55.7,2005
SINALOA,UNIVERSIDAD AUTONOMA DE SINALOA,1074,196,40.1,2005
TABASCO,UNIVERSIDAD JUAREZ AUTONOMA DE TABASCO,264,17,36.8,2005
TAMAULIPAS,UNIVERSIDAD AUTONOMA DE TAMAULIPAS UNIDAD MATAMOROS,130,20,40.13,2005
TAMAULIPAS,UNIVERSIDAD AUTONOMA DE TAMAULIPAS UNIDAD TAMPICO,243,58,43.75,2005
TAMAULIPAS,UNIVERSIDAD DEL NORESTE,235,27,37.65,2005
TAMAULIPAS,UNIVERSIDAD MEXICO AMERICANA DEL NORTE,29,1,34.2,2005
TAMAULIPAS,UNIVERSIDAD VALLE DEL BRAVO UNIDAD CIUDAD VICTORIA,45,5,34,2005
TAMAULIPAS,UNIVERSIDAD VALLE DEL BRAVO UNIDAD REYNOSA,23,5,43.8,2005
TLAXCALA,UNIVERSIDAD AUTONOMA DE TLAXCALA,94,10,39.5,2005
VERACRUZ,UNIVERSIDAD VERACRUZANA UNIDAD CIUDAD MENDOZA,176,23,38.88,2005
VERACRUZ,UNIVERSIDAD VERACRUZANA UNIDAD JALAPA,337,64,40.75,2005
VERACRUZ,UNIVERSIDAD VERACRUZANA UNIDAD MINATITLAN,151,23,39.6,2005
VERACRUZ,UNIVERSIDAD VERACRUZANA UNIDAD POZA RICA,95,24,40.5,2005
VERACRUZ,UNIVERSIDAD VERACRUZANA UNIDAD VERACRUZ,288,42,40.4,2005
VERACRUZ,UNIVERSIDAD AUTONOMA DE VERACRUZ VILLA RICA,108,17,42.03,2005
YUCATAN,UNIVERSIDAD AUTONOMA DE YUCATAN,173,52,46.75,2005
YUCATAN,UNIVERSIDAD DEL MAYAB,36,8,44.05,2005
ZACATECAS,UNIVERSIDAD AUTONOMA DE ZACATECAS,278,45,43.5,2005
NONE,MEDICOS MEXICANOS QUE ESTUDIARON EN EL EXTRANJERO,9,2,47.55,2005
NONE,MEDICOS EXTRANJEROS QUE ESTUDIARON EN MEXICO,40,9,42.93,2005
NONE,MEDICOS EXTRANJEROS QUE ESTUDIARON EN OTRO PAIS,169,31,47.23,2005
AGUASCALIENTES,UNIVERSIDAD AUTONOMA DE AGUASCALIENTES,130,41,47.95,2003
BAJA CALIFORNIA,UNIVERSIDAD AUTONOMA DE BAJA CALIFORNIA UNIDAD MEXICALI,183,86,51.75,2003
BAJA CALIFORNIA,UNIVERSIDAD AUTONOMA DE BAJA CALIFORNIA UNIDAD TIJUANA,124,53,51.33,2003
BAJA CALIFORNIA,CENTRO DE ESTUDIOS UNIVERSITARIOS XOCHICALCO UNIDAD ENSENADA,42,1,41.75,2003
BAJA CALIFORNIA,CENTRO DE ESTUDIOS UNIVERSITARIOS XOCHICALCO UNIDAD TIJUANA,32,2,41.9,2003
CAMPECHE,UNIVERSIDAD AUTONOMA DE CAMPECHE,63,15,45.35,2003
COAHUILA,UNIVERSIDAD AUTONOMA DE COAHUILA UNIDAD TORREON,139,52,47.2,2003
COAHUILA,UNIVERSIDAD AUTONOMA DE COAHUILA UNIDAD SALTILLO,95,34,46.45,2003
COLIMA,UNIVERSIDAD AUTONOMA DE COLIMA,119,27,46.35,2003
CHIAPAS,UNIVIVERSIDAD AUTONOMA DE CHIAPAS,365,52,43.95,2003
CHIAPAS,INSTITUTO DE ESTUDIOS SUPERIORES DE CHIAPAS,135,8,36.1,2003
CHIHUAHUA,UNIVERSIDAD AUTONOMA DE CHIHUAHUA,114,65,53.1,2003
CHIHUAHUA,UNIVERSIDAD AUTONOMA DE CIUDAD JUAREZ,159,31,44.35,2003
CIUDAD DE MEXICO,ESCUELA LIBRE DE HOMEOPATIA DE MEXICO,1,,34.4,2003
CIUDAD DE MEXICO,ESCUELA MEDICO NAVAL SECRETARIA DE MARINA ARMADA DE MEXICO,9,3,46.5,2003
CIUDAD DE MEXICO,INSTITUTO POLITECNICO NACIONAL CENTRO INTERDISCIPLINARIO DE CIENCIAS DE LA SALUD,307,37,40.35,2003
CIUDAD DE MEXICO,INSTITUTO POLITECNICO NACIONAL ESCUELA NACIONAL DE MEDICINA Y HOMEOPATIA,280,21,40.33,2003
CIUDAD DE MEXICO,INSTITUTO POLITECNICO NACIONAL ESCUELA SUPERIOR DE MEDICINA,535,124,45.1,2003
CIUDAD DE MEXICO,UNIVERSIDAD AUTONOMA METROPOLITANA  UNIDAD XOCHIMILCO,244,46,44.23,2003
CIUDAD DE MEXICO,UNIVERSIDAD DEL EJERCITO Y FUERZA AEREA,153,108,51.85,2003
CIUDAD DE MEXICO,UNIVERSIDAD JUSTO SIERRA,34,7,43.55,2003
CIUDAD DE MEXICO,UNIVERSIDAD LA SALLE,195,112,54.65,2003
CIUDAD DE MEXICO,UNAM FM CU,1722,569,46.33,2003
CIUDAD DE MEXICO,UNAM FES ZARAGOZA,254,51,43.7,2003
CIUDAD DE MEXICO,UNIVERSIDAD PANAMERICANA,37,27,59.1,2003
DURANGO,UNIVERSIDAD JUAREZ DEL ESTADO DE DURANGO UNIDAD DURANGO,279,50,42.8,2003
DURANGO,UNIVERSIDAD JUAREZ DEL ESTADO DE DURANGO UNIDAD GOMEZ PALACIO,228,43,41.93,2003
GUANAJUATO,UNIVERSIDAD DE GUANAJUATO,114,70,53.78,2003
GUERRERO,UNIVERSIDAD AUTONOMA DE GUERRERO,467,37,37.4,2003
HIDALGO,UNIVERSIDAD AUTONOMA DEL ESTADO DE HIDALGO,503,75,42.55,2003
JALISCO,UNIVERSIDAD AUTONOMA DE GUADALAJARA,727,178,46.05,2003
JALISCO,UNIVERSIDAD DE GUADALAJARA,1264,407,46.58,2003
JALISCO,UNIVERSIDAD DE GUADALAJARA UNIDAD CIUDAD GUZMAN,141,43,46.6,2003
ESTADO DE MEXICO,ESCUELA MEDICINA TOMINAGA NAKAMOTO,18,4,46.15,2003
ESTADO DE MEXICO,UNIVERSIDAD ANAHUAC,228,86,49.8,2003
ESTADO DE MEXICO,UNIVERSIDAD AUTONOMA DEL ESTADO DE MEXICO,324,84,46.68,2003
ESTADO DE MEXICO,UNAM FES IZTACALA,1159,235,43.4,2003
MICHOACAN,UNIVERSIDAD MICHOACANA DE SAN NICOLAS DE HIDALGO,1501,201,40.45,2003
MORELOS,UNIVERSIDAD AUTONOMA DEL ESTADO DE MORELOS,168,51,47.68,2003
NAYARIT,UNIVERSIDAD AUTONOMA DE NAYARIT,332,75,42.58,2003
NUEVO LEON,INSTITUTO TECNOLOGICO Y ESTUDIOS SUPERIORES DE MONTERREY,21,15,60.85,2003
NUEVO LEON,UNIVERSIDAD AUTONOMA DE NUEVO LEON,458,208,50.53,2003
NUEVO LEON,UNIVERSIDAD MONTEMORELOS,23,8,48.1,2003
NUEVO LEON,UNIVERSIDAD DE MONTERREY,65,23,50.2,2003
OAXACA,UNIVERSIDAD AUTONOMA BENITO JUAREZ DE OAXACA,776,122,41.78,2003
OAXACA,UNIVERSIDAD REGIONAL DEL SURESTE,70,17,42.05,2003
PUEBLA,BENEMERITA UNIVERSIDAD AUTONOMA DE PUEBLA,1601,196,39.55,2003
PUEBLA,UNIVERSIDAD POPULAR AUTONOMA DEL ESTADO DE PUEBLA,412,64,40.33,2003
QUERETARO,UNIVERSIDAD AUTONOMA DE QUERETARO,87,41,50.7,2003
QUERETARO,UNIVERSIDAD DEL VALLE DE MEXICO UNIDAD QUERETARO,37,9,47.45,2003
SAN LUIS POTOSI,UNIVERSIDAD AUTONOMA DE SAN LUIS POTOSI,137,96,54.65,2003
SINALOA,UNIVERSIDAD AUTONOMA DE SINALOA,839,146,41.5,2003
TABASCO,UNIVERSIDAD JUAREZ AUTONOMA DE TABASCO,301,37,37.8,2003
TAMAULIPAS,UNIVERSIDAD AUTONOMA DE TAMAULIPAS UNIDAD MATAMOROS,92,5,37.78,2003
TAMAULIPAS,UNIVERSIDAD AUTONOMA DE TAMAULIPAS UNIDAD TAMPICO,223,69,45.85,2003
TAMAULIPAS,UNIVERSIDAD DEL NORESTE,174,13,37.5,2003
TAMAULIPAS,UNIVERSIDAD MEXICO AMERICANA DEL NORTE,22,,39.5,2003
TAMAULIPAS,UNIVERSIDAD VALLE DEL BRAVO UNIDAD CIUDAD VICTORIA,38,,34.1,2003
TAMAULIPAS,UNIVERSIDAD VALLE DEL BRAVO UNIDAD REYNOSA,30,1,43.1,2003
TLAXCALA,UNIVERSIDAD AUTONOMA DE TLAXCALA,52,17,43.05,2003
VERACRUZ,UNIVERSIDAD AUTONOMA DE VERACRUZ VILLA RICA,36,2,42.75,2003
VERACRUZ,UNIVERSIDAD VERACRUZANA UNIDAD CIUDAD MENDOZA,171,28,40.75,2003
VERACRUZ,UNIVERSIDAD VERACRUZANA UNIDAD JALAPA,310,44,40.13,2003
VERACRUZ,UNIVERSIDAD VERACRUZANA UNIDAD MINATITLAN,154,29,40.33,2003
VERACRUZ,UNIVERSIDAD VERACRUZANA UNIDAD POZA RICA,105,27,42.45,2003
VERACRUZ,UNIVERSIDAD VERACRUZANA UNIDAD VERACRUZ,279,56,42,2003
YUCATAN,UNIVERSIDAD AUTONOMA DE YUCATAN,177,78,48.15,2003
ZACATECAS,UNIVERSIDAD AUTONOMA DE ZACATECAS,288,63,44.1,2003
NONE,MEDICOS MEXICANOS QUE ESTUDIARON EN OTRO PAIS,5,2,48.35,2003
NONE,MEDICOS EXTRANJEROS QUE ESTUDIARON EN MEXICO,69,15,44.95,2003
NONE,MEDICOS EXTRANJEROS QUE ESTUDIARON EN OTRO PAIS,195,67,49.75,2003
AGUASCALIENTES,UNIVERSIDAD AUTONOMA DE AGUASCALIENTES,140,30,42.78,2004
BAJA CALIFORNIA,CENTRO DE ESTUDIOS UNIVERSITARIOS XOCHICALCO UNIDAD ENSENADA,41,1,36.2,2004
BAJA CALIFORNIA,CENTRO DE ESTUDIOS UNIVERSITARIOS XOCHICALCO UNIDAD TIJUANA,39,3,42.55,2004
BAJA CALIFORNIA,UNIVERSIDAD AUTONOMA DE BAJA CALIFORNIA UNIDAD MEXICALI,165,48,46.35,2004
BAJA CALIFORNIA,UNIVERSIDAD AUTONOMA DE BAJA CALIFORNIA UNIDAD TIJUANA,137,40,47.35,2004
CAMPECHE,UNIVERSIDAD AUTONOMA DE CAMPECHE,55,4,42.1,2004
COAHUILA,UNIVERSIDAD AUTONOMA DE COAHUILA UNIDAD SALTILLO,74,25,48.15,2004
COAHUILA,UNIVERSIDAD AUTONOMA DE COAHUILA UNIDAD TORREON,137,24,43.55,2004
COLIMA,UNIVERSIDAD AUTONOMA DE COLIMA,113,21,43.7,2004
CHIAPAS,INSTITUTO DE ESTUDIOS SUPERIORES DE CHIAPAS,163,3,33.5,2004
CHIAPAS,UNIVIVERSIDAD AUTONOMA DE CHIAPAS,431,67,41.85,2004
CHIHUAHUA,UNIVERSIDAD AUTONOMA DE CHIHUAHUA,100,35,49.53,2004
CHIHUAHUA,UNIVERSIDAD AUTONOMA DE CIUDAD JUAREZ,178,19,42.25,2004
CIUDAD DE MEXICO,ESCUELA LIBRE DE HOMEOPATIA DE MEXICO,1,,36.9,2004
CIUDAD DE MEXICO,ESCUELA MEDICO NAVAL SECRETARIA DE MARINA ARMADA DE MEXICO,11,4,51.1,2004
CIUDAD DE MEXICO,INSTITUTO POLITECNICO NACIONAL CENTRO INTERDISCIPLINARIO DE CIENCIAS DE LA SALUD,353,27,36.55,2004
CIUDAD DE MEXICO,INSTITUTO POLITECNICO NACIONAL ESCUELA NACIONAL DE MEDICINA Y HOMEOPATIA,345,18,37.45,2004
CIUDAD DE MEXICO,INSTITUTO POLITECNICO NACIONAL ESCUELA SUPERIOR DE MEDICINA,771,124,41.43,2004
CIUDAD DE MEXICO,UNIVERSIDAD AUTONOMA METROPOLITANA  UNIDAD XOCHIMILCO,272,34,41.75,2004
CIUDAD DE MEXICO,UNIVERSIDAD DEL EJERCITO Y FUERZA AEREA,120,94,48.6,2004
CIUDAD DE MEXICO,UNIVERSIDAD JUSTO SIERRA,89,6,37.3,2004
CIUDAD DE MEXICO,UNIVERSIDAD LA SALLE,195,96,52.6,2004
CIUDAD DE MEXICO,UNAM FM CU,1767,448,44.45,2004
CIUDAD DE MEXICO,UNAM FES ZARAGOZA,290,45,40.68,2004
CIUDAD DE MEXICO,UNIVERSIDAD PANAMERICANA,32,18,53.9,2004
CIUDAD DE MEXICO,UNIVERSIDAD WEST HILL INSTITUTE,6,2,40.35,2004
DURANGO,UNIVERSIDAD JUAREZ DEL ESTADO DE DURANGO UNIDAD DURANGO,295,71,42.9,2004
DURANGO,UNIVERSIDAD JUAREZ DEL ESTADO DE DURANGO UNIDAD GOMEZ PALACIO,246,43,40.03,2004
GUANAJUATO,UNIVERSIDAD DE GUANAJUATO,108,53,51.03,2004
GUANAJUATO,UNIVERSIDAD QUETZALCOATL,26,1,39.08,2004
GUERRERO,UNIVERSIDAD AUTONOMA DE GUERRERO,504,69,36.95,2004
HIDALGO,UNIVERSIDAD AUTONOMA DEL ESTADO DE HIDALGO,591,52,40.45,2004
JALISCO,UNIVERSIDAD AUTONOMA DE GUADALAJARA,808,161,44.8,2004
JALISCO,UNIVERSIDAD DE GUADALAJARA,1211,311,44.5,2004
JALISCO,UNIVERSIDAD DE GUADALAJARA UNIDAD CIUDAD GUZMAN,138,34,44.13,2004
ESTADO DE MEXICO,ESCUELA MEDICINA TOMINAGA NAKAMOTO,18,,37.55,2004
ESTADO DE MEXICO,UNIVERSIDAD ANAHUAC,213,82,48.9,2004
ESTADO DE MEXICO,UNIVERSIDAD AUTONOMA DEL ESTADO DE MEXICO,373,122,46.35,2004
ESTADO DE MEXICO,UNAM FES IZTACALA,1255,164,40.65,2004
MICHOACAN,UNIVERSIDAD MICHOACANA DE SAN NICOLAS DE HIDALGO,1616,172,38.53,2004
MORELOS,UNIVERSIDAD AUTONOMA DEL ESTADO DE MORELOS,180,41,45.33,2004
NAYARIT,UNIVERSIDAD AUTONOMA DE NAYARIT,341,40,39.8,2004
NUEVO LEON,INSTITUTO TECNOLOGICO Y ESTUDIOS SUPERIORES DE MONTERREY,30,21,57.85,2004
NUEVO LEON,UNIVERSIDAD AUTONOMA DE NUEVO LEON,557,222,48.35,2004
NUEVO LEON,UNIVERSIDAD MONTEMORELOS,27,7,45.15,2004
NUEVO LEON,UNIVERSIDAD DE MONTERREY,78,27,49.98,2004
OAXACA,UNIVERSIDAD AUTONOMA BENITO JUAREZ DE OAXACA,852,91,38.78,2004
OAXACA,UNIVERSIDAD REGIONAL DEL SURESTE,87,12,41.2,2004
PUEBLA,BENEMERITA UNIVERSIDAD AUTONOMA DE PUEBLA,1425,263,39.55,2004
PUEBLA,UNIVERSIDAD POPULAR AUTONOMA DEL ESTADO DE PUEBLA,399,93,40.55,2004
QUERETARO,UNIVERSIDAD AUTONOMA DE QUERETARO,69,31,52.2,2004
QUERETARO,UNIVERSIDAD DEL VALLE DE MEXICO UNIDAD QUERETARO,54,4,41.45,2004
SAN LUIS POTOSI,UNIVERSIDAD AUTONOMA DE SAN LUIS POTOSI,167,105,52.9,2004
SINALOA,UNIVERSIDAD AUTONOMA DE SINALOA,1002,112,38.5,2004
TABASCO,UNIVERSIDAD JUAREZ AUTONOMA DE TABASCO,268,16,35.63,2004
TAMAULIPAS,UNIVERSIDAD AUTONOMA DE TAMAULIPAS UNIDAD MATAMOROS,109,19,40.15,2004
TAMAULIPAS,UNIVERSIDAD AUTONOMA DE TAMAULIPAS UNIDAD TAMPICO,231,67,44.4,2004
TAMAULIPAS,UNIVERSIDAD DEL NORESTE,203,22,36.05,2004
TAMAULIPAS,UNIVERSIDAD MEXICO AMERICANA DEL NORTE,21,1,36.3,2004
TAMAULIPAS,UNIVERSIDAD VALLE DEL BRAVO UNIDAD CIUDAD VICTORIA,40,1,35.83,2004
TAMAULIPAS,UNIVERSIDAD VALLE DEL BRAVO UNIDAD REYNOSA,36,2,41.45,2004
TLAXCALA,UNIVERSIDAD AUTONOMA DE TLAXCALA,70,8,36.2,2004
VERACRUZ,UNIVERSIDAD VERACRUZANA UNIDAD CIUDAD MENDOZA,197,17,37.1,2004
VERACRUZ,UNIVERSIDAD VERACRUZANA UNIDAD JALAPA,323,47,38.7,2004
VERACRUZ,UNIVERSIDAD VERACRUZANA UNIDAD MINATITLAN,159,13,38.1,2004
VERACRUZ,UNIVERSIDAD VERACRUZANA UNIDAD POZA RICA,93,19,40.7,2004
VERACRUZ,UNIVERSIDAD VERACRUZANA UNIDAD VERACRUZ,311,47,40,2004
VERACRUZ,UNIVERSIDAD AUTONOMA DE VERACRUZ VILLA RICA,75,4,42.6,2004
YUCATAN,UNIVERSIDAD AUTONOMA DE YUCATAN,159,47,46,2004
YUCATAN,UNIVERSIDAD DEL MAYAB,25,3,42.95,2004
ZACATECAS,UNIVERSIDAD AUTONOMA DE ZACATECAS,260,30,41.15,2004
NONE,MEDICOS MEXICANOS QUE ESTUDIARON EN EL EXTRANJERO,6,2,38.13,2004
NONE,MEDICOS EXTRANJEROS QUE ESTUDIARON EN MEXICO,53,8,44.27,2004
NONE,MEDICOS EXTRANJEROS QUE ESTUDIARON EN OTRO PAIS,167,37,47.23,2004
AGUASCALIENTES,UNIVERSIDAD AUTONOMA DE AGUASCALIENTES,265,100,67.93,2018
AGUASCALIENTES,UNIVERSIDAD CUAUHTEMOC PLANTEL AGUASCALIENTES,79,20,65.12,2018
BAJA CALIFORNIA,CENTRO DE ESTUDIOS UNIVERSITARIOS XOCHICALCO UNIDAD ENSENADA,264,48,61.2,2018
BAJA CALIFORNIA,CENTRO DE ESTUDIOS UNIVERSITARIOS XOCHICALCO UNIDAD TIJUANA,157,31,63.26,2018
BAJA CALIFORNIA,UNIVERSIDAD AUTONOMA DE BAJA CALIFORNIA UNIDAD VALLE DE LAS PALMAS,157,29,64.22,2018
BAJA CALIFORNIA,UNIVERSIDAD AUTONOMA DE BAJA CALIFORNIA UNIDAD ENSENADA,206,57,65.27,2018
BAJA CALIFORNIA,UNIVERSIDAD AUTONOMA DE BAJA CALIFORNIA UNIDAD MEXICALI,283,105,67.95,2018
BAJA CALIFORNIA,UNIVERSIDAD AUTONOMA DE BAJA CALIFORNIA UNIDAD TIJUANA,247,72,67.39,2018
BAJA CALIFORNIA SUR,CENTRO DE ESTUDIOS UNIVERSITARIOS XOCHICALCO UNIDAD MEXICALI,65,15,65.31,2018
CAMPECHE,UNIVERSIDAD AUTONOMA DE CAMPECHE,211,39,62.34,2018
CHIAPAS,INSTITUTO DE ESTUDIOS SUPERIORES DE CHIAPAS UNIDAD TAPACHULA,72,6,54.05,2018
CHIAPAS,INSTITUTO DE ESTUDIOS SUPERIORES DE CHIAPAS UNIDAD TUXTLA GUTIERREZ,377,27,56.53,2018
CHIAPAS,UNIVIVERSIDAD AUTONOMA DE CHIAPAS,794,154,63.22,2018
CHIAPAS,UNIVERSIDAD PABLO GUARDADO CHAVEZ,26,3,60.86,2018
CHIHUAHUA,UNIVERSIDAD AUTONOMA DE CIUDAD JUAREZ,456,99,63.03,2018
CHIHUAHUA,UNIVERSIDAD AUTONOMA DE CHIHUAHUA,306,87,67.54,2018
CHIHUAHUA,UNIVERSIDAD AUTONOMA DE CHIHUAHUA UNIDAD HIDALGO DEL PARRAL,21,3,65.24,2018
CHIHUAHUA,UNIVERSIDAD DE DURANGO UNIDAD CHIHUAHUA,68,7,60.84,2018
CIUDAD DE MEXICO,ESCUELA LIBRE DE HOMEOPATIA DE MEXICO,17,2,53.62,2018
CIUDAD DE MEXICO,ESCUELA MEDICO MILITAR SEDENA,1,0,55.56,2018
CIUDAD DE MEXICO,INSTITUTO POLITECNICO NACIONAL CENTRO INTERDISCIPLINARIO DE CIENCIAS DE LA SALUD,360,45,59.25,2018
CIUDAD DE MEXICO,INSTITUTO POLITECNICO NACIONAL ESCUELA SUPERIOR DE MEDICINA,1621,307,62.74,2018
CIUDAD DE MEXICO,INSTITUTO POLITECNICO NACIONAL ESCUELA NACIONAL DE MEDICINA Y HOMEOPATIA,802,106,59.83,2018
CIUDAD DE MEXICO,UNAM FES ZARAGOZA,581,103,61.7,2018
CIUDAD DE MEXICO,UNAM FM CU,2277,598,65.85,2018
CIUDAD DE MEXICO,UNIVERSIDAD AUTONOMA METROPOLITANA  UNIDAD XOCHIMILCO,444,77,63.1,2018
CIUDAD DE MEXICO,UNIVERSIDAD JUSTO SIERRA,254,30,58.53,2018
CIUDAD DE MEXICO,UNIVERSIDAD LA SALLE,376,126,69.22,2018
CIUDAD DE MEXICO,UNIVERSIDAD PANAMERICANA,47,37,76.7,2018
CIUDAD DE MEXICO,UNIVERSIDAD WEST HILL INSTITUTE,204,18,60.48,2018
COAHUILA,UNIVERSIDAD AUTONOMA DE COAHUILA UNIDAD SALTILLO,123,45,69.27,2018
COAHUILA,UNIVERSIDAD AUTONOMA DE COAHUILA UNIDAD TORREON,178,66,68.43,2018
COAHUILA,UNIVERSIDAD DEL VALLE DE MEXICO  UNIDAD SALTILLO,72,7,59.07,2018
COLIMA,UNIVERSIDAD AUTONOMA DE COLIMA,255,64,63.98,2018
DURANGO,UNIVERSIDAD AUTONOMA DE DURANGO UNIDAD DURANGO,39,4,55.76,2018
DURANGO,UNIVERSIDAD AUTONOMA DE DURANGO UNIDAD GOMEZ PALACIO,51,3,58.81,2018
DURANGO,UNIVERSIDAD AUTONOMA DE DURANGO UNIDAD ZACATECAS,37,0,59.06,2018
DURANGO,UNIVERSIDAD AUTONOMA ESPA GN A DE DURANGO,20,1,57.12,2018
DURANGO,UNIVERSIDAD DE DURANGO UNIDAD JUAREZ,15,1,58.52,2018
DURANGO,UNIVERSIDAD JUAREZ DEL ESTADO DE DURANGO UNIDAD DURANGO,457,89,62.34,2018
DURANGO,UNIVERSIDAD JUAREZ DEL ESTADO DE DURANGO UNIDAD GOMEZ PALACIO,262,60,62.94,2018
ESTADO DE MEXICO,ESCUELA MEDICINA TOMINAGA NAKAMOTO,177,14,57.28,2018
ESTADO DE MEXICO,UNAM FES IZTACALA,1699,328,62.66,2018
ESTADO DE MEXICO,UNIVERSIDAD ANAHUAC,657,118,64.09,2018
ESTADO DE MEXICO,UNIVERSIDAD AUTONOMA DEL ESTADO DE MEXICO,364,89,66.51,2018
GUANAJUATO,UNIVERSIDAD DE CELAYA,55,10,63.69,2018
GUANAJUATO,UNIVERSIDAD DE GUANAJUATO,269,82,68.59,2018
GUANAJUATO,UNIVERSIDAD LATINA DE MEXICO UNIDAD CELAYA,74,8,62.72,2018
GUANAJUATO,UNIVERSIDAD QUETZALCOATL,228,33,60.25,2018
GUERRERO,UNIVERSIDAD AUTONOMA DE GUERRERO,638,81,58.87,2018
GUERRERO,UNIVERSIDAD HIPOCRATES,57,3,52.82,2018
HIDALGO,ESCUELA DE MEDICINA INTERMEDICA,27,0,55.36,2018
HIDALGO,UNIVERSIDAD AUTONOMA DEL ESTADO DE HIDALGO,783,150,63.63,2018
JALISCO,UNIVERSIDAD AUTONOMA DE GUADALAJARA,1875,403,63.7,2018
JALISCO,UNIVERSIDAD CUAUHTEMOC PLANTEL GUADALAJARA,51,9,62.02,2018
JALISCO,UNIVERSIDAD DE GUADALAJARA,1564,489,66.18,2018
JALISCO,UNIVERSIDAD DE GUADALAJARA CENTRO UNIVERSITARIO DE LA COSTA,114,25,63.75,2018
JALISCO,UNIVERSIDAD DE GUADALAJARA CENTRO UNIVERSITARIO DE TONALA,111,16,62.88,2018
JALISCO,UNIVERSIDAD DE GUADALAJARA CENTRO UNIVERSITARIO DEL SUR,185,55,66.96,2018
JALISCO,UNIVERSIDAD DE GUADALAJARA UNIDAD CIUDAD GUZMAN,58,13,63.6,2018
JALISCO,UNIVERSIDAD DE GUADALAJARA UNIDAD LOS ALTOS,132,31,65.22,2018
JALISCO,UNIVERSIDAD DEL VALLE DE ATEMAJAC,97,11,62.25,2018
JALISCO,UNIVERSIDAD DEL VALLE DE MEXICO UNIDAD ZAPOPAN,108,18,62.25,2018
JALISCO,UNIVERSIDAD GUADALAJARA LAMAR UNIDAD INGLATERRA,306,55,61,2018
JALISCO,UNIVERSIDAD GUADALAJARA LAMAR UNIDAD VALLARTA,104,10,59.06,2018
MICHOACAN,UNIVERSIDAD MICHOACANA DE SAN NICOLAS DE HIDALGO UNIDAD MORELIA,1783,354,60.99,2018
MICHOACAN,UNIVERSIDAD MICHOACANA DE SAN NICOLAS DE HIDALGO UNIDAD ZAMORA,68,15,63.55,2018
MICHOACAN,UNIVERSIDAD VASCO DE QUIROGA CAMPUS SANTA MARIA,121,14,60.23,2018
MORELOS,UNIVERSIDAD AUTONOMA DEL ESTADO DE MORELOS,315,86,65.4,2018
MORELOS,UNIVERSIDAD LATINOAMERICANA,155,14,58.75,2018
NAYARIT,INST. UNIVERSIDAD DE CIENCIAS MEDICAS Y HUMANISTICAS DE NAYARIT,7,0,50.41,2018
NAYARIT,UNIVERSIDAD AUTONOMA DE NAYARIT,401,111,63.64,2018
NUEVO LEON,INSTITUTO TECNOLOGICO Y ESTUDIOS SUPERIORES DE MONTERREY,255,89,70.75,2018
NUEVO LEON,UNIVERSIDAD AUTONOMA DE NUEVO LEON,1428,448,66.04,2018
NUEVO LEON,UNIVERSIDAD DE MONTERREY,295,77,66.56,2018
NUEVO LEON,UNIVERSIDAD MONTEMORELOS,108,21,63.61,2018
OAXACA,UNIVERSIDAD AUTONOMA BENITO JUAREZ DE OAXACA,786,124,60.65,2018
OAXACA,UNIVERSIDAD REGIONAL DEL SURESTE,420,53,59.72,2018
PUEBLA,BENEMERITA UNIVERSIDAD AUTONOMA DE PUEBLA,1370,234,60.9,2018
PUEBLA,BENEMERITA UNIVERSIDAD AUTONOMA DE PUEBLA UNIDAD TEHUACAN,104,25,60.97,2018
PUEBLA,INSTITUTO DE ESTUDIOS SUPERIORES DE TEPEACA,37,3,53.86,2018
PUEBLA,UNIVERSIDAD LAS AMERICAS PUEBLA,37,11,65.05,2018
PUEBLA,UNIVERSIDAD POPULAR AUTONOMA DEL ESTADO DE PUEBLA,860,148,62.72,2018
QUERETARO,UNIVERSIDAD ANAHUAC QUERETARO,29,6,64.74,2018
QUERETARO,UNIVERSIDAD AUTONOMA DE QUERETARO,212,62,67.98,2018
QUERETARO,UNIVERSIDAD DEL VALLE DE MEXICO UNIDAD QUERETARO,182,30,63.14,2018
QUINTANA ROO,UNIVERSIDAD DE QUINTANA ROO,136,21,59.59,2018
SAN LUIS POTOSI,UNIVERSIDAD AUTONOMA DE SAN LUIS POTOSI,228,92,70.09,2018
SAN LUIS POTOSI,UNIVERSIDAD CUAUHTEMOC PLANTEL SAN LUIS POTOSI,49,8,67.3,2018
SAN LUIS POTOSI,UNIVERSIDAD DEL VALLE DE MEXICO CAMPUS SAN LUIS POTOSI,23,6,63.62,2018
SINALOA,UNIVERSIDAD AUTONOMA DE DURANGO UNIDAD LOS MOCHIS,90,12,60.3,2018
SINALOA,UNIVERSIDAD AUTONOMA DE SINALOA,1166,308,62.34,2018
SONORA,UNIVERSIDAD DE SONORA,298,80,66.52,2018
SONORA,UNIVERSIDAD DEL VALLE DE MEXICO CAMPUS HERMOSILLO,101,22,61.66,2018
SONORA,UNIVERSIDAD DURANGO SANTANDER,23,2,61.39,2018
TABASCO,UNIVERSIDAD AUTONOMA DE GUADALAJARA UNIDAD TABASCO,234,41,61.46,2018
TABASCO,UNIVERSIDAD DEL VALLE DE MEXICO CAMPUS VILLAHERMOSA,56,12,61.77,2018
TABASCO,UNIVERSIDAD JUAREZ AUTONOMA DE TABASCO,486,60,58.12,2018
TABASCO,UNIVERSIDAD JUAREZ AUTONOMA DE TABASCO DIVISION ACADEMICA,202,21,57.24,2018
TABASCO,UNIVERSIDAD OLMECA,125,10,55.48,2018
TAMAULIPAS,INSTITUTO DE CIENCIAS Y ESTUDIOS SUPERIORES DE TAMAULIPAS,93,10,55.28,2018
TAMAULIPAS,UNIVERSIDAD AUTONOMA DE TAMAULIPAS UNIDAD TAMPICO,372,94,63.43,2018
TAMAULIPAS,UNIVERSIDAD AUTONOMA DE TAMAULIPAS UNIDAD MATAMOROS,340,42,60.16,2018
TAMAULIPAS,UNIVERSIDAD DEL NORESTE,517,89,59.48,2018
TAMAULIPAS,UNIVERSIDAD DEL VALLE DE MEXICO CAMPUS CIUDAD REYNOSA,81,14,61.2,2018
TAMAULIPAS,UNIVERSIDAD DEL VALLE DE MEXICO CAMPUS CIUDAD VICTORIA,152,25,58.1,2018
TAMAULIPAS,UNIVERSIDAD LA SALLE CAMPUS CIUDAD VICTORIA,133,25,61.34,2018
TAMAULIPAS,UNIVERSIDAD MEXICO AMERICANA DEL NORTE,87,8,55.23,2018
TLAXCALA,UNIVERSIDAD AUTONOMA DE TLAXCALA,494,52,57.62,2018
VERACRUZ,UNIVERSIDAD CRISTOBAL COLON UNIDAD VERACRUZ,131,27,60.77,2018
VERACRUZ,UNIVERSIDAD DEL VALLE DE MEXICO CAMPUS VERACRUZ,340,33,59.1,2018
VERACRUZ,UNIVERSIDAD VERACRUZANA UNIDAD CIUDAD MENDOZA,329,55,59.78,2018
VERACRUZ,UNIVERSIDAD VERACRUZANA UNIDAD MINATITLAN,189,38,62.03,2018
VERACRUZ,UNIVERSIDAD VERACRUZANA UNIDAD POZA RICA,162,21,60.94,2018
VERACRUZ,UNIVERSIDAD VERACRUZANA UNIDAD VERACRUZ,381,69,61.83,2018
VERACRUZ,UNIVERSIDAD VERACRUZANA UNIDAD JALAPA,328,55,62.95,2018
YUCATAN,UNIVERSIDAD AUTONOMA DE YUCATAN,332,82,65.96,2018
YUCATAN,UNIVERSIDAD DEL MAYAB,253,51,62.73,2018
YUCATAN,UNIVERSIDAD MARISTA DE MERIDA,39,12,66.77,2018
ZACATECAS,UNIVERSIDAD AUTONOMA DE ZACATECAS,666,143,62.47,2018
NONE,ESTUDIOS EN EL EXTRANJERO,192,26,59.51,2018
NONE,MEDICOS EXTRANJEROS,1342,213,62.36,2018
AGUASCALIENTES,UNIVERSIDAD AUTONOMA DE AGUASCALIENTES,109,37,46.97,2002
BAJA CALIFORNIA,UNIVERSIDAD AUTONOMA DE BAJA CALIFORNIA UNIDAD MEXICALI,190,72,48.94,2002
BAJA CALIFORNIA,UNIVERSIDAD AUTONOMA DE BAJA CALIFORNIA UNIDAD TIJUANA,139,66,49.57,2002
BAJA CALIFORNIA,CENTRO DE ESTUDIOS UNIVERSITARIOS XOCHICALCO UNIDAD ENSENADA,24,1,38.64,2002
BAJA CALIFORNIA,CENTRO DE ESTUDIOS UNIVERSITARIOS XOCHICALCO UNIDAD TIJUANA,29,3,40.63,2002
CAMPECHE,UNIVERSIDAD AUTONOMA DE CAMPECHE,63,20,45.25,2002
COAHUILA,UNIVERSIDAD AUTONOMA DE COAHUILA UNIDAD TORREON,178,85,48.24,2002
COAHUILA,UNIVERSIDAD AUTONOMA DE COAHUILA UNIDAD SALTILLO,106,45,46.45,2002
COLIMA,UNIVERSIDAD AUTONOMA DE COLIMA,107,28,44.5,2002
CHIAPAS,UNIVIVERSIDAD AUTONOMA DE CHIAPAS,346,34,41.89,2002
CHIAPAS,INSTITUTO DE ESTUDIOS SUPERIORES DE CHIAPAS,80,3,36.01,2002
CHIHUAHUA,UNIVERSIDAD AUTONOMA DE CHIHUAHUA,116,50,49.31,2002
CHIHUAHUA,UNIVERSIDAD AUTONOMA DE CIUDAD JUAREZ,159,26,42.66,2002
CIUDAD DE MEXICO,UNAM FM CU,1878,553,45.77,2002
CIUDAD DE MEXICO,INSTITUTO POLITECNICO NACIONAL ESCUELA NACIONAL DE MEDICINA Y HOMEOPATIA,269,23,40.44,2002
CIUDAD DE MEXICO,UNIVERSIDAD DEL EJERCITO Y FUERZA AEREA,15,8,50.38,2002
CIUDAD DE MEXICO,INSTITUTO POLITECNICO NACIONAL ESCUELA SUPERIOR DE MEDICINA,493,136,45.41,2002
CIUDAD DE MEXICO,UNIVERSIDAD LA SALLE,193,107,52.94,2002
CIUDAD DE MEXICO,UNIVERSIDAD AUTONOMA METROPOLITANA  UNIDAD XOCHIMILCO,241,37,42.91,2002
CIUDAD DE MEXICO,INSTITUTO POLITECNICO NACIONAL CENTRO INTERDISCIPLINARIO DE CIENCIAS DE LA SALUD,240,32,41.16,2002
CIUDAD DE MEXICO,UNAM FES ZARAGOZA,366,65,42.99,2002
CIUDAD DE MEXICO,ESCUELA MEDICO NAVAL SECRETARIA DE MARINA ARMADA DE MEXICO,3,2,51.45,2002
CIUDAD DE MEXICO,UNIVERSIDAD PANAMERICANA,26,22,56.16,2002
CIUDAD DE MEXICO,ESCUELA LIBRE DE HOMEOPATIA DE MEXICO,5,1,40.25,2002
CIUDAD DE MEXICO,UNIVERSIDAD JUSTO SIERRA,15,,39.98,2002
DURANGO,UNIVERSIDAD JUAREZ DEL ESTADO DE DURANGO UNIDAD DURANGO,318,52,41.35,2002
DURANGO,UNIVERSIDAD JUAREZ DEL ESTADO DE DURANGO UNIDAD GOMEZ PALACIO,140,27,40.92,2002
GUANAJUATO,UNIVERSIDAD DE GUANAJUATO,110,62,51.3,2002
GUERRERO,UNIVERSIDAD AUTONOMA DE GUERRERO,541,44,38.4,2002
HIDALGO,UNIVERSIDAD AUTONOMA DEL ESTADO DE HIDALGO,464,71,41.58,2002
JALISCO,UNIVERSIDAD DE GUADALAJARA,1309,385,45.01,2002
JALISCO,UNIVERSIDAD DE GUADALAJARA UNIDAD CIUDAD GUZMAN,88,39,47.28,2002
JALISCO,UNIVERSIDAD AUTONOMA DE GUADALAJARA,630,145,44.42,2002
ESTADO DE MEXICO,UNIVERSIDAD AUTONOMA DEL ESTADO DE MEXICO,312,108,46.09,2002
ESTADO DE MEXICO,UNAM FES IZTACALA,1154,196,42.44,2002
ESTADO DE MEXICO,UNIVERSIDAD ANAHUAC,205,66,48.26,2002
ESTADO DE MEXICO,ESCUELA MEDICINA TOMINAGA NAKAMOTO,9,1,42.02,2002
MICHOACAN,UNIVERSIDAD MICHOACANA DE SAN NICOLAS DE HIDALGO,1319,217,41.14,2002
MORELOS,UNIVERSIDAD AUTONOMA DEL ESTADO DE MORELOS,145,41,46.04,2002
NAYARIT,UNIVERSIDAD AUTONOMA DE NAYARIT,352,75,41.71,2002
NUEVO LEON,UNIVERSIDAD AUTONOMA DE NUEVO LEON,422,213,49.83,2002
NUEVO LEON,UNIVERSIDAD DE MONTERREY,73,35,49.35,2002
NUEVO LEON,UNIVERSIDAD MONTEMORELOS,20,6,46.82,2002
NUEVO LEON,INSTITUTO TECNOLOGICO Y ESTUDIOS SUPERIORES DE MONTERREY,23,18,58.61,2002
OAXACA,UNIVERSIDAD AUTONOMA BENITO JUAREZ DE OAXACA,691,100,41.65,2002
OAXACA,UNIVERSIDAD REGIONAL DEL SURESTE,67,10,40.43,2002
PUEBLA,BENEMERITA UNIVERSIDAD AUTONOMA DE PUEBLA,1769,232,39.26,2002
PUEBLA,UNIVERSIDAD POPULAR AUTONOMA DEL ESTADO DE PUEBLA,431,44,40.25,2002
QUERETARO,UNIVERSIDAD AUTONOMA DE QUERETARO,80,41,51.14,2002
QUERETARO,UNIVERSIDAD DEL VALLE DE MEXICO UNIDAD QUERETARO,21,5,45.34,2002
SAN LUIS POTOSI,UNIVERSIDAD AUTONOMA DE SAN LUIS POTOSI,183,134,54.09,2002
SINALOA,UNIVERSIDAD AUTONOMA DE SINALOA,763,173,41.97,2002
TABASCO,UNIVERSIDAD JUAREZ AUTONOMA DE TABASCO,319,41,39.09,2002
TAMAULIPAS,UNIVERSIDAD AUTONOMA DE TAMAULIPAS UNIDAD TAMPICO,231,73,44.8,2002
TAMAULIPAS,UNIVERSIDAD AUTONOMA DE TAMAULIPAS UNIDAD MATAMOROS,93,17,41.93,2002
TAMAULIPAS,UNIVERSIDAD DEL NORESTE,146,21,40.11,2002
TAMAULIPAS,UNIVERSIDAD VALLE DEL BRAVO UNIDAD REYNOSA,22,1,41.68,2002
TAMAULIPAS,UNIVERSIDAD VALLE DEL BRAVO UNIDAD CIUDAD VICTORIA,38,5,39.02,2002
TAMAULIPAS,UNIVERSIDAD MEXICO AMERICANA DEL NORTE,24,1,37.51,2002
TLAXCALA,UNIVERSIDAD AUTONOMA DE TLAXCALA,31,6,42.5,2002
VERACRUZ,UNIVERSIDAD VERACRUZANA UNIDAD VERACRUZ,451,68,40.06,2002
VERACRUZ,UNIVERSIDAD VERACRUZANA UNIDAD POZA RICA,121,15,40.51,2002
VERACRUZ,UNIVERSIDAD VERACRUZANA UNIDAD JALAPA,303,44,39.63,2002
VERACRUZ,UNIVERSIDAD VERACRUZANA UNIDAD CIUDAD MENDOZA,154,18,41.02,2002
VERACRUZ,UNIVERSIDAD VERACRUZANA UNIDAD MINATITLAN,142,33,41.03,2002
YUCATAN,UNIVERSIDAD AUTONOMA DE YUCATAN,217,84,45.64,2002
ZACATECAS,UNIVERSIDAD AUTONOMA DE ZACATECAS,271,44,42.69,2002
NONE,MEXICANOS EN ESCUELAS EXTRANJERAS,7,3,44.56,2002
NONE,EXTRANJEROS,307,90,46.53,2002
AGUASCALIENTES,UNIVERSIDAD AUTONOMA DE AGUASCALIENTES,115,35,47.34,2001
BAJA CALIFORNIA,UNIVERSIDAD AUTONOMA DE BAJA CALIFORNIA UNIDAD MEXICALI,147,73,51.68,2001
BAJA CALIFORNIA,UNIVERSIDAD AUTONOMA DE BAJA CALIFORNIA UNIDAD TIJUANA,98,33,49.78,2001
BAJA CALIFORNIA,CENTRO DE ESTUDIOS UNIVERSITARIOS XOCHICALCO UNIDAD ENSENADA,24,7,44.72,2001
CAMPECHE,UNIVERSIDAD AUTONOMA DE CAMPECHE,51,9,45.86,2001
CHIAPAS,UNIVIVERSIDAD AUTONOMA DE CHIAPAS,243,30,42.92,2001
CHIAPAS,INSTITUTO DE ESTUDIOS SUPERIORES DE CHIAPAS,40,3,40.01,2001
CHIHUAHUA,UNIVERSIDAD AUTONOMA DE CHIHUAHUA,94,46,51.84,2001
CHIHUAHUA,UNIVERSIDAD AUTONOMA DE CIUDAD JUAREZ,123,26,44.62,2001
COAHUILA,UNIVERSIDAD AUTONOMA DE COAHUILA UNIDAD TORREON,139,50,48.79,2001
COAHUILA,UNIVERSIDAD AUTONOMA DE COAHUILA UNIDAD SALTILLO,89,25,47.42,2001
COLIMA,UNIVERSIDAD AUTONOMA DE COLIMA,109,39,47.8,2001
CIUDAD DE MEXICO,UNAM FM CU,1795,434,46.54,2001
CIUDAD DE MEXICO,UNAM FES ZARAGOZA,332,50,43.42,2001
CIUDAD DE MEXICO,UNIVERSIDAD AUTONOMA METROPOLITANA,294,56,44.65,2001
CIUDAD DE MEXICO,UNIVERSIDAD DEL EJERCITO Y FUERZA AEREA,12,10,59.7,2001
CIUDAD DE MEXICO,UNIVERSIDAD LA SALLE,198,125,55.14,2001
CIUDAD DE MEXICO,INSTITUTO POLITECNICO NACIONAL ESCUELA SUPERIOR DE MEDICINA,441,107,46.09,2001
CIUDAD DE MEXICO,INSTITUTO POLITECNICO NACIONAL CENTRO INTERDISCIPLINARIO DE CIENCIAS DE LA SALUD,245,27,41.19,2001
CIUDAD DE MEXICO,ESCUELA NACIONAL DE MEDICINA Y HOMEOPATIA,155,12,42.07,2001
CIUDAD DE MEXICO,ESCUELA LIBRE DE HOMEOPATIA DE MEXICO,1,0,41.9,2001
CIUDAD DE MEXICO,ESCUELA MEDICO NAVAL SECRETARIA DE MARINA ARMADA DE MEXICO,2,,45.53,2001
DURANGO,UNIVERSIDAD JUAREZ DEL ESTADO DE DURANGO UNIDAD DURANGO,216,27,42.75,2001
DURANGO,UNIVERSIDAD JUAREZ DEL ESTADO DE DURANGO UNIDAD GOMEZ PALACIO,182,23,41.51,2001
GUANAJUATO,UNIVERSIDAD DE GUANAJUATO,89,52,54.86,2001
GUERRERO,UNIVERSIDAD AUTONOMA DE GUERRERO,502,17,37.54,2001
HIDALGO,UNIVERSIDAD AUTONOMA DEL ESTADO DE HIDALGO,418,51,42.83,2001
JALISCO,UNIVERSIDAD AUTONOMA DE GUADALAJARA,538,107,45.15,2001
JALISCO,UNIVERSIDAD DE GUADALAJARA,1413,354,45.83,2001
JALISCO,UNIVERSIDAD DE GUADALAJARA UNIDAD CIUDAD GUZMAN,54,17,48.19,2001
ESTADO DE MEXICO,UNIVERSIDAD AUTONOMA DEL ESTADO DE MEXICO,283,69,46.62,2001
ESTADO DE MEXICO,UNIVERSIDAD ANAHUAC,203,82,51.47,2001
ESTADO DE MEXICO,UNAM FES IZTACALA,1069,153,43.79,2001
ESTADO DE MEXICO,ESCUELA MEDICINA TOMINAGA NAKAMOTO,9,2,44.06,2001
MICHOACAN,UNIVERSIDAD MICHOACANA DE SAN NICOLAS DE HIDALGO,1238,146,41.61,2001
MORELOS,UNIVERSIDAD AUTONOMA DEL ESTADO DE MORELOS,138,33,47.81,2001
NAYARIT,UNIVERSIDAD AUTONOMA DE NAYARIT,274,33,43.33,2001
NUEVO LEON,INSTITUTO TECNOLOGICO Y ESTUDIOS SUPERIORES DE MONTERREY,27,20,62.03,2001
NUEVO LEON,UNIVERSIDAD AUTONOMA DE NUEVO LEON,358,183,51.95,2001
NUEVO LEON,UNIVERSIDAD DE MONTERREY,54,13,49.1,2001
NUEVO LEON,UNIVERSIDAD MONTEMORELOS,20,4,45.87,2001
OAXACA,UNIVERSIDAD AUTONOMA BENITO JUAREZ DE OAXACA,576,76,42.29,2001
OAXACA,UNIVERSIDAD REGIONAL DEL SURESTE,53,8,41.77,2001
PUEBLA,BENEMERITA UNIVERSIDAD AUTONOMA DE PUEBLA,1901,140,39.07,2001
PUEBLA,UNIVERSIDAD POPULAR AUTONOMA DEL ESTADO DE PUEBLA,282,33,42.13,2001
QUERETARO,UNIVERSIDAD AUTONOMA DE QUERETARO,85,39,50.63,2001
SAN LUIS POTOSI,UNIVERSIDAD AUTONOMA DE SAN LUIS POTOSI,127,94,56.27,2001
SINALOA,UNIVERSIDAD AUTONOMA DE SINALOA,751,103,41.89,2001
TABASCO,UNIVERSIDAD JUAREZ AUTONOMA DE TABASCO,313,33,39.42,2001
TAMAULIPAS,UNIVERSIDAD DEL NORESTE,85,1,39.19,2001
TAMAULIPAS,UNIVERSIDAD AUTONOMA DE TAMAULIPAS UNIDAD TAMPICO,210,43,44.94,2001
TAMAULIPAS,UNIVERSIDAD AUTONOMA DE TAMAULIPAS UNIDAD MATAMOROS,142,8,39.52,2001
TAMAULIPAS,UNIVERSIDAD VALLE DEL BRAVO UNIDAD REYNOSA,29,4,42.64,2001
TAMAULIPAS,UNIVERSIDAD VALLE DEL BRAVO UNIDAD CIUDAD VICTORIA,41,0,36.38,2001
TAMAULIPAS,UNIVERSIDAD MEXICO AMERICANA DEL NORTE,22,3,40.67,2001
TLAXCALA,UNIVERSIDAD AUTONOMA DE TLAXCALA,32,1,44.66,2001
VERACRUZ,UNIVERSIDAD VERACRUZANA UNIDAD JALAPA,341,29,39.82,2001
VERACRUZ,UNIVERSIDAD VERACRUZANA UNIDAD POZA RICA,105,13,41.58,2001
VERACRUZ,UNIVERSIDAD VERACRUZANA UNIDAD MINATITLAN,166,19,41.46,2001
VERACRUZ,UNIVERSIDAD VERACRUZANA UNIDAD VERACRUZ,321,16,40.18,2001
VERACRUZ,UNIVERSIDAD VERACRUZANA UNIDAD CIUDAD MENDOZA,151,15,41,2001
YUCATAN,UNIVERSIDAD AUTONOMA DE YUCATAN,235,58,47.07,2001
ZACATECAS,UNIVERSIDAD AUTONOMA DE ZACATECAS,277,55,44.37,2001
NONE,MEDICOS QUE ESTUDIARON EN ESCUELADE MED. EN EL EXTRANJERO,6,4,57.02,2001
